Rank,Movie,Genre,Year,Month,DomesticBox Office,IMDb Votes,IMDb Ratings,Metacritic,Rotten Tomatoes
1,Star Wars Ep. VII: The Force Awakens,"Action, Adventure, Fantasy, Sci-Fi",2015,12,936662225,778602,8.0,81/100,92%
2,Avatar,"Action, Adventure, Fantasy, Sci-Fi",2009,12,760507625,1038709,7.8,83/100,82%
3,Black Panther,"Action, Adventure, Sci-Fi",2018,2,700059566,501220,7.3,88/100,97%
4,Avengers: Infinity War,"Action, Adventure, Sci-Fi",2018,4,678815482,641255,8.5,68/100,85%
5,Titanic,"Drama, Romance",1997,12,659363944,946032,7.8,75/100,89%
6,Jurassic World,"Action, Adventure, Sci-Fi",2015,6,652270625,534122,7.0,59/100,72%
7,The Avengers,"Action, Adventure, Sci-Fi",2012,5,623279547,1165317,8.1,69/100,92%
8,Star Wars Ep. VIII: The Last Jedi,"Action, Adventure, Fantasy, Sci-Fi",2017,12,620181382,455389,7.2,85/100,91%
9,Incredibles 2,"Animation, Action, Adventure, Comedy, Family, Sci-Fi",2018,6,608581744,192447,7.7,80/100,94%
10,The Dark Knight,"Action, Crime, Drama, Thriller",2008,7,533720947,2039506,9.0,84/100,94%
11,Rogue One: A Star Wars Story,"Action, Adventure, Sci-Fi",2016,12,532177324,470865,7.8,65/100,84%
12,Beauty and the Beast,"Family, Fantasy, Musical, Romance",2017,3,504014165,234189,7.2,65/100,71%
13,Finding Dory,"Animation, Adventure, Comedy, Family",2016,6,486295561,211743,7.3,77/100,94%
14,Star Wars Ep. I: The Phantom Menace,"Action, Adventure, Fantasy, Sci-Fi",1999,5,474544677,649320,6.5,51/100,54%
15,Star Wars Ep. IV: A New Hope,"Action, Adventure, Fantasy, Sci-Fi",1977,5,460998007,1109357,8.6,90/100,93%
16,Avengers: Age of Ultron,"Action, Adventure, Sci-Fi",2015,5,459005868,654822,7.3,66/100,75%
17,The Dark Knight Rises,"Action, Thriller",2012,7,448139099,1372667,8.4,78/100,87%
18,Shrek 2,"Animation, Adventure, Comedy, Family, Fantasy, Romance",2004,5,441226247,378707,7.2,75/100,89%
19,ET: The Extra-Terrestrial,"Family, Sci-Fi",1982,6,435110554,335539,7.9,91/100,98%
20,The Hunger Games: Catching Fire,"Action, Adventure, Sci-Fi, Thriller",2013,11,424668047,571535,7.5,76/100,89%
21,Pirates of the Caribbean: Dead Man's Chest,"Action, Adventure, Fantasy",2006,7,423315812,608558,7.3,53/100,53%
22,The Lion King,"Animation, Adventure, Drama, Family, Musical",1994,6,421785283,823703,8.5,83/100,93%
23,Jurassic World: Fallen Kingdom,"Action, Adventure, Sci-Fi",2018,6,417719760,209444,6.2,51/100,48%
24,Toy Story 3,"Animation, Adventure, Comedy, Family, Fantasy",2010,6,415004880,673530,8.3,92/100,98%
25,Captain Marvel,"Action, Adventure, Sci-Fi",2019,3,414538774,258034,7.1,64/100,78%
26,Wonder Woman,"Action, Adventure, Fantasy, Sci-Fi, War",2017,6,412563408,477972,7.5,76/100,93%
27,Iron Man 3,"Action, Adventure, Sci-Fi",2013,5,408992272,678031,7.2,62/100,79%
28,Captain America: Civil War,"Action, Adventure, Sci-Fi",2016,5,408084349,574126,7.8,75/100,91%
29,The Hunger Games,"Action, Adventure, Sci-Fi, Thriller",2012,3,408010692,791962,7.2,68/100,84%
30,Jumanji: Welcome to the Jungle,"Action, Adventure, Comedy, Fantasy",2017,12,404508916,236997,7.0,58/100,76%
31,Spider-Man,"Action, Adventure, Sci-Fi",2002,5,403706375,636209,7.3,73/100,90%
32,Transformers: Revenge of the Fallen,"Action, Adventure, Sci-Fi",2009,6,402111870,362775,6.0,35/100,19%
33,Frozen,"Animation, Adventure, Comedy, Family, Fantasy, Musical",2013,11,400738009,512783,7.5,74/100,90%
34,Jurassic Park,"Adventure, Sci-Fi, Thriller",1993,6,395708305,775259,8.1,68/100,91%
35,Avengers: Endgame,"Action, Adventure, Fantasy, Sci-Fi",2019,4,393989446,360133,8.9,78/100,95%
36,Guardians of the Galaxy Vol 2,"Action, Adventure, Comedy, Sci-Fi",2017,5,389813101,471312,7.7,67/100,84%
37,Harry Potter and the Deathly Hallows: Part II,"Adventure, Drama, Fantasy, Mystery",2011,7,381193157,685241,8.1,87/100,96%
38,Finding Nemo,"Animation, Adventure, Comedy, Family",2003,5,380529370,858151,8.1,90/100,99%
39,Star Wars Ep. III: Revenge of the Sith,"Action, Adventure, Fantasy, Sci-Fi",2005,5,380270577,637267,7.6,68/100,80%
40,The Lord of the Rings: The Return of the King,"Adventure, Drama, Fantasy",2003,12,377845905,1477575,8.9,94/100,93%
41,Beauty and the Beast,"Animation, Family, Fantasy, Musical, Romance",1991,11,376057266,385519,8.0,95/100,94%
42,Spider-Man 2,"Action, Adventure, Sci-Fi",2004,6,373524485,497084,7.3,83/100,93%
43,The Passion of the Christ,Drama,2004,2,370782930,199327,7.2,47/100,49%
44,The Secret Life of Pets,"Animation, Adventure, Comedy, Family",2016,7,368384330,158999,6.5,61/100,73%
45,Despicable Me 2,"Animation, Adventure, Comedy, Family, Fantasy, Sci-Fi",2013,7,368065385,342325,7.4,62/100,74%
46,The Jungle Book,"Adventure, Drama, Family, Fantasy",2016,4,364001123,239578,7.4,77/100,95%
47,Deadpool,"Action, Adventure, Comedy, Sci-Fi",2016,2,363070709,808989,8.0,65/100,84%
48,Inside Out,"Animation, Adventure, Comedy, Drama, Family, Fantasy",2015,6,356461711,529802,8.2,94/100,98%
49,Furious 7,"Action, Crime, Thriller",2015,4,353007020,332759,7.2,67/100,81%
50,Transformers: Dark of the Moon,"Action, Adventure, Sci-Fi",2011,6,352390543,364344,6.3,42/100,35%
51,American Sniper,"Action, Biography, Drama, War",2014,1,350126372,399014,7.3,72/100,73%
52,The Lord of the Rings: The Two Towers,"Adventure, Drama, Fantasy",2002,12,342548984,1334346,8.7,87/100,95%
53,Zootopia,"Animation, Adventure, Comedy, Crime, Family, Mystery",2016,3,341268248,379235,8.0,78/100,97%
54,The Hunger Games: Mockingjay - Part 1,"Action, Adventure, Sci-Fi, Thriller",2014,11,337135885,376980,6.6,64/100,68%
55,Spider-Man 3,"Action, Adventure, Sci-Fi",2007,5,336530303,455646,6.2,59/100,63%
56,Minions,"Animation, Action, Adventure, Comedy, Family",2015,7,336045770,192034,6.4,56/100,56%
57,Aquaman,"Action, Adventure, Fantasy, Sci-Fi",2018,12,335061807,236813,7.2,55/100,65%
58,Spider-Man: Homecoming,"Action, Adventure, Sci-Fi",2017,7,334201140,406022,7.5,73/100,92%
59,Alice in Wonderland,"Adventure, Family, Fantasy",2010,3,334191110,357163,6.5,53/100,51%
60,Guardians of the Galaxy,"Action, Adventure, Comedy, Sci-Fi",2014,8,333172112,936430,8.1,76/100,91%
61,Batman v Superman: Dawn of Justice,"Action, Adventure, Fantasy, Sci-Fi",2016,3,330360194,569833,6.5,44/100,28%
62,Forrest Gump,"Drama, Romance",1994,7,330151138,1598520,8.8,82/100,72%
63,It,"Horror, Thriller",2017,9,327481748,347053,7.4,69/100,85%
64,Suicide Squad,"Action, Adventure, Fantasy, Sci-Fi",2016,8,325100054,526884,6.1,40/100,27%
65,Deadpool 2,"Action, Adventure, Comedy, Sci-Fi",2018,5,324591735,372668,7.8,66/100,83%
66,Shrek the Third,"Animation, Adventure, Comedy, Family, Fantasy",2007,5,322719944,253945,6.1,58/100,41%
67,Transformers,"Action, Adventure, Sci-Fi",2007,7,319246193,567235,7.1,61/100,57%
68,Iron Man,"Action, Adventure, Sci-Fi",2008,5,318604126,854168,7.9,79/100,93%
69,Harry Potter and the Sorcerer's Stone,"Adventure, Family, Fantasy",2001,11,317871467,565932,7.6,64/100,81%
70,Indiana Jones and the Kingdom of the Crystal Skull,"Action, Adventure",2008,5,317101119,391228,6.2,65/100,78%
71,The Lord of the Rings: The Fellowship of the Ring,"Adventure, Drama, Fantasy",2001,12,315544750,1491685,8.8,92/100,91%
72,Thor: Ragnarok,"Action, Adventure, Comedy, Fantasy, Sci-Fi",2017,11,315058289,470059,7.9,74/100,92%
73,Iron Man 2,"Action, Adventure, Sci-Fi",2010,5,312433331,650168,7.0,57/100,73%
74,Star Wars Ep. II: Attack of the Clones,"Action, Adventure, Fantasy, Sci-Fi",2002,5,310676740,568796,6.6,54/100,65%
75,Pirates of the Caribbean: At World's End,"Action, Adventure, Fantasy",2007,5,309420425,552467,7.1,50/100,44%
76,Star Wars Ep. VI: Return of the Jedi,"Action, Adventure, Fantasy, Sci-Fi",1983,5,309205079,857043,8.3,58/100,81%
77,Independence Day,"Action, Adventure, Sci-Fi",1996,7,306169255,492940,7.0,59/100,64%
78,Pirates of the Caribbean: The Curse of the Blac…,"Action, Adventure, Fantasy",2003,7,305411224,959652,8.0,63/100,79%
79,Skyfall,"Action, Adventure, Thriller",2012,11,304360277,588746,7.8,81/100,92%
80,The Hobbit: An Unexpected Journey,"Adventure, Family, Fantasy",2012,12,303003568,717671,7.9,58/100,65%
81,Harry Potter and the Half-Blood Prince,"Adventure, Family, Fantasy, Mystery",2009,7,302089278,413579,7.6,78/100,83%
82,The Twilight Saga: Eclipse,"Adventure, Drama, Fantasy, Romance",2010,6,300531751,210059,5.0,58/100,48%
83,The Twilight Saga: New Moon,"Adventure, Drama, Fantasy, Romance",2009,11,296623634,247005,4.7,44/100,28%
84,Harry Potter and the Deathly Hallows: Part I,"Adventure, Fantasy, Mystery",2010,11,296131568,421292,7.7,65/100,77%
85,The Sixth Sense,"Drama, Mystery, Thriller",1999,8,293506292,837563,8.1,64/100,86%
86,Up,"Animation, Adventure, Comedy, Family",2009,5,293004164,837056,8.2,88/100,98%
87,Inception,"Action, Adventure, Sci-Fi, Thriller",2010,7,292576195,1826846,8.8,74/100,86%
88,"The Twilight Saga: Breaking Dawn, Part 2","Adventure, Drama, Fantasy, Romance",2012,11,292324737,213388,5.5,52/100,49%
89,Harry Potter and the Order of the Phoenix,"Adventure, Family, Fantasy, Mystery",2007,7,292137260,451131,7.5,71/100,77%
90,"The Chronicles of Narnia: The Lion, the Witch a…","Adventure, Family, Fantasy",2005,12,291710957,337604,6.9,75/100,76%
91,Man of Steel,"Action, Adventure, Sci-Fi",2013,6,291045518,643045,7.1,55/100,56%
92,Star Wars Ep. V: The Empire Strikes Back,"Action, Adventure, Fantasy, Sci-Fi",1980,6,290271960,1039358,8.7,82/100,95%
93,Harry Potter and the Goblet of Fire,"Adventure, Family, Fantasy, Mystery",2005,11,290201752,484151,7.7,81/100,88%
94,"Monsters, Inc.","Animation, Adventure, Comedy, Family, Fantasy",2001,11,289423425,731975,8.1,78/100,96%
95,Home Alone,"Comedy, Family",1990,11,285761243,404402,7.5,63/100,65%
96,The Hunger Games: Mockingjay - Part 2,"Action, Adventure, Sci-Fi, Thriller",2015,11,281723902,248567,6.6,65/100,70%
97,The Matrix Reloaded,"Action, Sci-Fi",2003,5,281553689,474589,7.2,62/100,73%
98,"The Twilight Saga: Breaking Dawn, Part 1","Adventure, Drama, Fantasy, Romance",2011,11,281287133,206924,4.9,45/100,25%
99,Meet the Fockers,"Comedy, Romance",2004,12,279167575,237606,6.3,41/100,39%
100,The Hangover,Comedy,2009,6,277322503,664875,7.7,73/100,78%
101,Gravity,"Drama, Sci-Fi, Thriller",2013,10,274092705,706029,7.7,96/100,96%
102,The Grinch,"Animation, Comedy, Family, Fantasy, Musical",2018,11,270620950,28202,6.3,51/100,59%
103,Sing,"Animation, Comedy, Family, Musical",2016,12,270329045,114330,7.1,59/100,72%
104,Monsters University,"Animation, Adventure, Comedy, Family, Fantasy",2013,6,268488329,288993,7.3,65/100,80%
105,Shrek,"Animation, Adventure, Comedy, Family, Fantasy",2001,5,267655011,556542,7.9,84/100,88%
106,Despicable Me 3,"Animation, Action, Adventure, Comedy, Family, Fantasy, Sci-Fi",2017,6,264624300,90069,6.3,49/100,59%
107,Harry Potter and the Chamber of Secrets,"Adventure, Family, Fantasy, Mystery",2002,11,262233381,489779,7.4,63/100,82%
108,The Amazing Spider-Man,"Action, Adventure, Sci-Fi",2012,7,262030663,522422,7.0,66/100,72%
109,The Incredibles,"Animation, Action, Adventure, Family",2004,11,261441092,598572,8.0,90/100,
110,How the Grinch Stole Christmas,"Comedy, Family, Fantasy",2000,11,260044825,182745,6.1,46/100,51%
111,Jaws,"Adventure, Drama, Thriller",1975,6,260000000,507046,8.0,87/100,97%
112,Captain America: The Winter Soldier,"Action, Adventure, Sci-Fi, Thriller",2014,4,259746958,655267,7.8,70/100,90%
113,The Hobbit: The Desolation of Smaug,"Adventure, Fantasy",2013,12,258366855,562910,7.8,66/100,74%
114,The Lego Movie,"Animation, Action, Adventure, Comedy, Family, Fantasy",2014,2,257784718,301846,7.8,83/100,95%
115,Star Trek,"Action, Adventure, Sci-Fi",2009,5,257730019,555069,8.0,82/100,94%
116,I am Legend,"Drama, Sci-Fi, Thriller",2007,12,256393010,631432,7.2,65/100,69%
117,The Blind Side,"Biography, Drama, Sport",2009,11,255959475,266052,7.7,53/100,66%
118,The Hobbit: The Battle of the Five Armies,"Adventure, Fantasy",2014,12,255119788,436512,7.4,59/100,59%
119,The Hangover Part II,"Comedy, Mystery",2011,5,254464305,430385,6.5,44/100,33%
120,Despicable Me,"Animation, Comedy, Family, Fantasy",2010,7,251513985,461009,7.7,72/100,81%
121,Batman,"Action, Adventure",1989,6,251188924,311189,7.6,69/100,70%
122,Night at the Museum,"Adventure, Comedy, Family, Fantasy",2006,12,250863268,285467,6.4,48/100,43%
123,Men in Black,"Adventure, Comedy, Mystery, Sci-Fi",1997,7,250690539,472702,7.3,71/100,92%
124,Harry Potter and the Prisoner of Azkaban,"Adventure, Family, Fantasy, Mystery",2004,6,249757726,485679,7.9,82/100,90%
125,Moana,"Animation, Adventure, Comedy, Family, Fantasy, Musical",2016,11,248757044,220950,7.6,81/100,95%
126,Toy Story 2,"Animation, Adventure, Comedy, Family, Fantasy",1999,11,245852179,465295,7.9,88/100,100%
127,Transformers: Age of Extinction,"Action, Adventure, Sci-Fi",2014,6,245439076,281798,5.7,32/100,18%
128,Cars,"Animation, Comedy, Family, Fantasy, Sport",2006,6,244082982,326013,7.1,73/100,74%
129,Bruce Almighty,"Comedy, Drama, Fantasy",2003,5,242704995,344999,6.7,46/100,49%
130,Ghostbusters,"Action, Comedy, Fantasy",1984,6,242212467,321834,7.8,71/100,97%
131,Twister,"Adventure, Thriller",1996,5,241688385,161487,6.3,68/100,57%
132,My Big Fat Greek Wedding,"Comedy, Drama, Romance",2002,8,241438208,113268,6.6,62/100,76%
133,Maleficent,"Action, Adventure, Family, Fantasy, Romance",2014,5,241407328,302673,7.0,56/100,54%
134,Pirates of the Caribbean: On Stranger Tides,"Action, Adventure, Fantasy",2011,5,241063875,445615,6.6,45/100,33%
135,Shrek Forever After,"Animation, Adventure, Comedy, Family, Fantasy, Romance",2010,5,238736787,166393,6.3,58/100,58%
136,Fast and Furious 6,"Action, Crime, Thriller",2013,5,238679850,344953,7.1,61/100,70%
137,Brave,"Animation, Adventure, Comedy, Family, Fantasy",2012,6,237282182,335866,7.1,69/100,79%
138,Oz the Great and Powerful,"Adventure, Family, Fantasy",2013,3,234770996,191652,6.3,44/100,59%
139,Beverly Hills Cop,"Action, Comedy, Crime",1984,12,234760478,148469,7.3,64/100,82%
140,X-Men: The Last Stand,"Action, Adventure, Sci-Fi, Thriller",2006,5,234362462,448900,6.7,58/100,58%
141,War of the Worlds,"Adventure, Sci-Fi, Thriller",2005,6,234280354,385988,6.5,73/100,75%
142,Fantastic Beasts and Where to Find Them,"Adventure, Family, Fantasy",2016,11,234037575,359350,7.3,66/100,74%
143,X-Men: Days of Future Past,"Action, Adventure, Sci-Fi, Thriller",2014,5,233921534,615786,8.0,75/100,90%
144,Cast Away,"Adventure, Drama, Romance",2000,12,233632142,468656,7.8,73/100,88%
145,Doctor Strange,"Action, Adventure, Fantasy, Sci-Fi",2016,11,232641920,494454,7.5,72/100,89%
146,The Exorcist,Horror,1973,12,230347346,330100,8.0,82/100,85%
147,The Lost World: Jurassic Park,"Action, Adventure, Sci-Fi",1997,5,229086679,342131,6.5,59/100,54%
148,Justice League,"Action, Adventure, Fantasy, Sci-Fi",2017,11,229024295,324841,6.5,45/100,40%
149,Star Trek Into Darkness,"Action, Adventure, Sci-Fi",2013,5,228778661,443815,7.7,72/100,84%
150,The Martian,"Adventure, Drama, Sci-Fi",2015,10,228433663,674891,8.0,80/100,91%
151,Signs,"Drama, Mystery, Sci-Fi, Thriller",2002,8,227969295,315705,6.7,59/100,73%
152,Hancock,"Action, Drama, Fantasy",2008,7,227946274,408270,6.4,49/100,41%
153,The Bourne Ultimatum,"Action, Mystery, Thriller",2007,8,227471070,578003,8.0,85/100,92%
154,Logan,"Action, Drama, Sci-Fi, Thriller",2017,3,226277068,551781,8.1,77/100,93%
155,Rush Hour 2,"Action, Comedy, Crime, Thriller",2001,8,226164286,184458,6.6,48/100,52%
156,The Fate of the Furious,"Action, Crime, Thriller",2017,4,225764765,177806,6.7,56/100,68%
157,Raiders of the Lost Ark,"Action, Adventure",1981,6,225686079,807047,8.5,85/100,95%
158,WALL-E,"Animation, Adventure, Family, Sci-Fi",2008,6,223808164,899592,8.4,95/100,95%
159,Big Hero 6,"Animation, Action, Adventure, Comedy, Drama, Family, Sci-Fi",2014,11,222527828,366376,7.8,74/100,89%
160,Mission: Impossible - Fallout,"Action, Adventure, Thriller",2018,7,220159104,228420,7.8,86/100,97%
161,National Treasure: Book of Secrets,"Action, Adventure, Family, Mystery, Thriller",2007,12,219961501,204429,6.5,48/100,35%
162,Alvin and the Chipmunks: The Squeakquel,"Animation, Comedy, Family, Fantasy, Music",2009,12,219614612,38827,4.5,41/100,20%
163,Mrs. Doubtfire,"Comedy, Drama, Family",1993,11,219195051,218465,7.0,53/100,71%
164,Ted,"Comedy, Fantasy",2012,6,218665740,536267,6.9,62/100,68%
165,King Kong,"Action, Adventure, Drama, Romance",2005,12,218080025,365060,7.2,81/100,84%
166,Ghost,"Drama, Fantasy, Romance, Thriller",1990,7,217631306,178166,7.0,52/100,74%
167,How to Train Your Dragon,"Animation, Action, Adventure, Family, Fantasy",2010,3,217581232,603778,8.1,74/100,99%
168,The Da Vinci Code,"Mystery, Thriller",2006,5,217536138,369491,6.6,46/100,24%
169,Aladdin,"Animation, Adventure, Comedy, Family, Fantasy, Musical, Romance",1992,11,217350219,315545,8.0,86/100,94%
170,Alvin and the Chipmunks,"Animation, Comedy, Family, Fantasy, Music",2007,12,217326974,68903,5.2,39/100,28%
171,Ant-Man and the Wasp,"Action, Adventure, Comedy, Sci-Fi",2018,7,216648740,217591,7.1,70/100,88%
172,Madagascar 3: Europe's Most Wanted,"Animation, Adventure, Comedy, Family",2012,6,216391482,145528,6.8,60/100,79%
173,Saving Private Ryan,"Drama, War",1998,7,216335085,1098717,8.6,91/100,93%
174,Bohemian Rhapsody,"Biography, Drama, Music",2018,11,216303339,330304,8.1,49/100,61%
175,Kung Fu Panda,"Animation, Action, Adventure, Comedy, Family",2008,6,215434591,378460,7.6,73/100,87%
176,Mission: Impossible 2,"Action, Adventure, Thriller",2000,5,215409889,288615,6.1,59/100,
177,A Star is Born,"Drama, Music, Romance",2018,10,215288866,235547,7.8,88/100,89%
178,X-Men 2,"Action, Adventure, Sci-Fi, Thriller",2003,5,214949694,477906,7.5,68/100,85%
179,Doctor Seuss' The Lorax,"Animation, Adventure, Comedy, Drama, Family, Fantasy, Musical",2012,3,214030500,89686,6.4,46/100,
180,Solo: A Star Wars Story,"Action, Adventure, Fantasy, Sci-Fi",2018,5,213767512,216168,7.0,62/100,70%
181,Venom,"Action, Sci-Fi, Thriller",2018,10,213511408,257961,6.8,35/100,
182,Austin Powers in Goldmember,"Action, Adventure, Comedy, Crime",2002,7,213117789,182789,6.2,62/100,54%
183,Back to the Future,"Adventure, Comedy, Sci-Fi",1985,7,212259762,929369,8.5,87/100,96%
185,Fast Five,"Action, Crime, Thriller",2011,4,210031325,327756,7.3,66/100,77%
186,Coco,"Animation, Adventure, Comedy, Family, Fantasy, Music, Mystery",2017,11,209726015,268079,8.4,81/100,97%
187,Mission: Impossible - Ghost Protocol,"Action, Adventure, Thriller",2011,12,209397903,426247,7.4,73/100,93%
188,Wedding Crashers,"Comedy, Romance",2005,7,209218368,312554,7.0,64/100,75%
189,Sherlock Holmes,"Action, Adventure, Crime, Mystery, Thriller",2009,12,209028679,545768,7.6,57/100,70%
190,Dawn of the Planet of the Apes,"Action, Adventure, Drama, Sci-Fi",2014,7,208545589,388318,7.6,79/100,90%
191,Charlie and the Chocolate Factory,"Adventure, Comedy, Family, Fantasy, Musical",2005,7,206459076,386322,6.6,72/100,82%
192,Ratatouille,"Animation, Adventure, Comedy, Drama, Family, Fantasy",2007,6,206445654,572588,8.0,96/100,96%
193,Thor: The Dark World,"Action, Adventure, Fantasy",2013,11,206362140,533625,6.9,54/100,66%
194,Austin Powers: The Spy Who Shagged Me,"Action, Adventure, Comedy, Crime",1999,6,206040085,202400,6.6,59/100,51%
195,Batman Begins,"Action, Adventure",2005,6,205343774,1186021,8.2,70/100,84%
196,Terminator 2: Judgment Day,"Action, Sci-Fi",1991,7,203464105,901145,8.5,75/100,93%
197,The Amazing Spider-Man 2,"Action, Adventure, Sci-Fi",2014,5,202853933,386169,6.6,53/100,52%
198,World War Z,"Action, Adventure, Horror, Sci-Fi, Thriller",2013,6,202359711,548543,7.0,63/100,66%
199,The Mummy Returns,"Action, Adventure, Fantasy, Thriller",2001,5,202007640,283332,6.4,48/100,47%
200,Armageddon,"Action, Adventure, Sci-Fi, Thriller",1998,7,201578182,369047,6.7,42/100,38%
201,Cinderella,"Drama, Family, Fantasy, Romance",2015,3,201151353,141304,6.9,67/100,84%
202,Ralph Breaks The Internet,"Animation, Adventure, Comedy, Family, Fantasy",2018,11,201091711,78482,7.1,71/100,88%
203,Tangled,"Animation, Adventure, Comedy, Family, Fantasy, Musical, Romance",2010,11,200821936,364066,7.8,71/100,89%
204,Godzilla,"Action, Adventure, Sci-Fi, Thriller",2014,5,200676069,344476,6.4,62/100,75%
205,Superman Returns,"Action, Adventure, Sci-Fi",2006,6,200120000,259837,6.1,72/100,75%
206,Spectre,"Action, Adventure, Thriller",2015,11,200074175,350849,6.8,60/100,64%
207,Gone with the Wind,"Drama, History, Romance, War",1939,1,198680470,262672,8.2,97/100,92%
208,Pearl Harbor,"Action, Drama, History, Romance, War",2001,5,198539855,291549,6.1,44/100,24%
209,Monsters vs. Aliens,"Animation, Action, Adventure, Comedy, Family, Sci-Fi",2009,3,198351526,135010,6.5,56/100,73%
210,Happy Feet,"Animation, Adventure, Comedy, Family, Music, Musical, Romance",2006,11,198000317,157043,6.5,77/100,76%
211,Indiana Jones and the Last Crusade,"Action, Adventure",1989,5,197171806,630390,8.2,65/100,88%
212,Ice Age: Dawn of the Dinosaurs,"Animation, Action, Adventure, Comedy, Family",2009,7,196573705,201575,7.0,50/100,45%
213,Ice Age: The Meltdown,"Animation, Adventure, Comedy, Family",2006,3,195330621,233595,6.8,58/100,57%
214,Mission: Impossible - Rogue Nation,"Action, Adventure, Thriller",2015,7,195042377,308194,7.4,75/100,93%
215,Madagascar,"Animation, Adventure, Comedy, Family",2005,5,193595521,327726,6.9,57/100,55%
216,Twilight,"Drama, Fantasy, Romance",2008,11,192769854,392755,5.2,56/100,49%
217,Toy Story,"Animation, Adventure, Comedy, Family, Fantasy",1995,11,191796233,783232,8.3,95/100,100%
218,22 Jump Street,"Action, Comedy, Crime",2014,6,191719337,317917,7.0,71/100,84%
219,Cars 2,"Animation, Adventure, Comedy, Family, Sport",2011,6,191450875,137079,6.2,57/100,38%
220,Teenage Mutant Ninja Turtles,"Action, Adventure, Comedy, Sci-Fi",2014,8,191204754,191514,5.8,31/100,21%
221,Men in Black 2,"Action, Adventure, Comedy, Mystery, Sci-Fi",2002,7,190418803,311124,6.1,49/100,39%
222,Spider-Man: Into The Spider-Verse 3D,"Animation, Action, Adventure, Family, Sci-Fi",2018,12,190173195,189646,8.5,87/100,97%
223,Dunkirk,"Action, Drama, History, Thriller, War",2017,7,190068280,459048,7.9,94/100,92%
224,Wreck-It Ralph,"Animation, Adventure, Comedy, Family, Fantasy",2012,11,189412677,339474,7.7,72/100,87%
225,A Quiet Place,"Drama, Horror, Mystery, Sci-Fi, Thriller",2018,4,188024361,298515,7.6,82/100,95%
226,Interstellar,"Adventure, Drama, Sci-Fi",2014,11,188017894,1275886,8.6,74/100,72%
227,Gladiator,"Action, Adventure, Drama",2000,5,187683805,1202989,8.5,67/100,76%
228,The Polar Express,"Animation, Adventure, Comedy, Family, Fantasy, Musical",2004,11,187224605,154686,6.6,61/100,56%
229,The Croods,"Animation, Action, Adventure, Comedy, Family, Fantasy",2013,3,187168425,176065,7.2,55/100,71%
230,Sherlock Holmes: A Game of Shadows,"Action, Adventure, Crime, Mystery, Thriller",2011,12,186848418,391391,7.5,48/100,60%
231,The Day After Tomorrow,"Action, Adventure, Sci-Fi, Thriller",2004,5,186740799,382920,6.4,47/100,44%
233,Snow White and the Seven Dwarfs,"Animation, Family, Fantasy, Musical, Romance",1937,2,184925486,162604,7.6,95/100,
234,Pitch Perfect 2,"Comedy, Music",2015,5,184296230,129930,6.4,63/100,65%
235,Dances with Wolves,"Adventure, Drama, Western",1990,11,184208842,219282,8.0,72/100,82%
236,Batman Forever,"Action, Adventure, Fantasy",1995,6,184031112,218575,5.4,51/100,38%
237,The Fugitive,"Action, Crime, Drama, Mystery, Thriller",1993,8,183875760,244319,7.8,87/100,96%
238,The Revenant,"Action, Adventure, Biography, Drama, Western",2015,1,183637894,613541,8.0,76/100,78%
239,Ocean's Eleven,"Crime, Thriller",2001,12,183417150,470580,7.8,74/100,82%
240,The Simpsons Movie,"Animation, Adventure, Comedy",2007,7,183135014,290517,7.3,80/100,88%
241,What Women Want,"Comedy, Fantasy, Romance",2000,12,182805123,179569,6.4,47/100,54%
242,The Perfect Storm,"Action, Adventure, Drama, Thriller",2000,6,182618434,146397,6.4,59/100,
243,Lincoln,"Biography, Drama, History, War",2012,11,182207973,227883,7.4,86/100,89%
244,Grease,"Musical, Romance",1978,6,181813770,208490,7.2,70/100,75%
245,Liar Liar,"Comedy, Fantasy",1997,3,181410615,257987,6.9,70/100,81%
246,Jurassic Park III,"Action, Adventure, Sci-Fi, Thriller",2001,7,181166115,270488,5.9,42/100,50%
247,Thor,"Action, Adventure, Fantasy, Sci-Fi",2011,5,181030624,668173,7.0,57/100,77%
248,Mission: Impossible,"Action, Adventure, Thriller",1996,5,180981886,357499,7.1,59/100,63%
249,Ant-Man,"Action, Adventure, Comedy, Sci-Fi",2015,7,180202163,492948,7.3,64/100,82%
250,Madagascar: Escape 2 Africa,"Animation, Adventure, Comedy, Family",2008,11,180174880,181865,6.7,61/100,64%
251,Planet of the Apes,"Action, Adventure, Sci-Fi, Thriller",2001,7,180011740,200646,5.7,50/100,45%
252,X-Men Origins: Wolverine,"Action, Adventure, Sci-Fi, Thriller",2009,5,179883157,431892,6.6,40/100,37%
253,Indiana Jones and the Temple of Doom,"Action, Adventure",1984,5,179880271,403063,7.6,57/100,85%
254,Top Gun,"Action, Drama",1986,5,179800601,259437,6.9,50/100,54%
255,Men in Black 3,"Action, Adventure, Comedy, Sci-Fi",2012,5,179020854,306988,6.8,58/100,68%
256,Pretty Woman,"Comedy, Romance",1990,3,178406268,258789,7.0,51/100,62%
257,Hitch,"Comedy, Romance",2005,2,177784257,276140,6.6,58/100,68%
258,Home,"Animation, Adventure, Comedy, Family, Fantasy, Sci-Fi",2015,3,177397510,85495,6.6,55/100,50%
259,Night at the Museum: Battle of the Smithsonian,"Adventure, Comedy, Family, Fantasy",2009,5,177243721,159702,6.0,42/100,44%
260,Tootsie,"Comedy, Drama, Romance",1982,12,177200000,89016,7.4,87/100,89%
261,How to Train Your Dragon 2,"Animation, Action, Adventure, Comedy, Family, Fantasy",2014,6,177002924,275925,7.8,76/100,92%
262,Rise of the Planet of the Apes,"Action, Drama, Sci-Fi, Thriller",2011,8,176760185,469942,7.6,68/100,82%
263,Captain America: The First Avenger,"Action, Adventure, Sci-Fi",2011,7,176654505,648882,6.9,66/100,80%
264,The Karate Kid,"Action, Drama, Family, Romance, Sport",2010,6,176591618,145581,6.2,61/100,66%
265,There's Something About Mary,"Comedy, Romance",1998,7,176484651,274168,7.1,69/100,83%
266,Ice Age,"Animation, Adventure, Comedy, Family, Fantasy",2002,3,176387405,399589,7.5,60/100,77%
267,The Bourne Supremacy,"Action, Mystery, Thriller",2004,7,176087450,404872,7.8,73/100,81%
268,Get Out,"Horror, Mystery, Thriller",2017,2,176040665,387197,7.7,84/100,98%
269,The Lego Batman Movie,"Animation, Action, Comedy, Family",2017,2,175750384,114169,7.3,75/100,90%
270,The Boss Baby,"Animation, Adventure, Comedy, Family, Fantasy",2017,3,175003033,91688,6.3,50/100,52%
271,Crocodile Dundee,"Adventure, Comedy",1986,9,174803506,85180,6.6,62/100,87%
272,Crazy Rich Asians,"Comedy, Romance",2018,8,174532921,86444,7.0,74/100,91%
273,The Greatest Showman,"Biography, Drama, Musical",2017,12,174340174,195219,7.6,48/100,56%
274,Elf,"Comedy, Family, Fantasy, Romance",2003,11,173840591,190374,6.9,64/100,83%
275,Apollo 13,"Adventure, Drama, History",1995,6,173772767,244259,7.6,77/100,95%
276,Home Alone 2: Lost in New York,"Adventure, Comedy, Family",1992,11,173585516,262055,6.7,,30%
277,National Treasure,"Action, Adventure, Family, Mystery, Thriller",2004,11,173005002,284244,6.9,39/100,45%
278,Us,"Horror, Thriller",2019,3,172999965,76496,7.3,81/100,94%
279,Air Force One,"Action, Drama, Thriller",1997,7,172956409,166694,6.5,61/100,76%
280,Rain Man,Drama,1988,12,172825435,438451,8.0,65/100,89%
281,Pirates of the Caribbean: Dead Men Tell No Tales,"Action, Adventure, Fantasy",2017,5,172558876,226161,6.6,39/100,29%
282,Tron: Legacy,"Action, Adventure, Fantasy, Sci-Fi",2010,12,172062763,294779,6.8,49/100,50%
283,Mary Poppins Returns,"Comedy, Family, Fantasy, Musical",2018,12,171958438,48728,6.9,66/100,79%
284,The Matrix,"Action, Sci-Fi",1999,3,171479930,1488823,8.7,73/100,88%
285,True Grit,"Adventure, Drama, Western",2010,12,171243005,282412,7.6,80/100,96%
286,Tarzan,"Animation, Adventure, Family, Romance",1999,6,171091819,180617,7.3,79/100,88%
287,A Beautiful Mind,"Biography, Drama",2001,1,170708996,766933,8.2,72/100,74%
288,Chicago,"Comedy, Crime, Musical",2002,1,170687518,200197,7.2,82/100,85%
289,The Help,Drama,2011,8,169705587,389236,8.1,62/100,76%
290,Hotel Transylvania 2,"Animation, Comedy, Family, Fantasy, Horror",2015,9,169700110,91730,6.7,44/100,56%
291,Hidden Figures,"Biography, Drama, History",2016,1,169607287,169497,7.8,74/100,93%
292,Quantum of Solace,"Action, Adventure, Thriller",2008,11,169368427,375467,6.6,58/100,65%
293,Bridesmaids,"Comedy, Romance",2011,5,169211718,248224,6.8,75/100,89%
294,Close Encounters of the Third Kind,"Drama, Sci-Fi",1977,12,169100479,166253,7.7,90/100,97%
295,Wild Hogs,"Adventure, Comedy",2007,3,168213584,108845,5.9,27/100,14%
296,Kong: Skull Island,"Action, Adventure, Fantasy, Sci-Fi",2017,3,168052812,232636,6.6,62/100,75%
297,3 Men and a Baby,"Comedy, Drama, Family",1987,11,167780960,42736,5.9,61/100,74%
298,Gone Girl,"Drama, Mystery, Thriller",2014,10,167767189,753983,8.1,79/100,87%
299,Hotel Transylvania 3: Summer Vacation,"Animation, Adventure, Comedy, Family, Fantasy",2018,7,167500092,40965,6.3,54/100,61%
300,Casino Royale,"Action, Adventure, Thriller",2006,11,167365000,537380,8.0,80/100,94%
301,Meet the Parents,"Comedy, Romance",2000,10,166225040,292277,7.0,73/100,84%
302,Fifty Shades of Grey,"Drama, Romance, Thriller",2015,2,166167230,277318,4.1,46/100,25%
303,2012,"Action, Adventure, Sci-Fi",2009,11,166112167,326562,5.8,49/100,40%
304,Robin Hood: Prince of Thieves,"Action, Adventure, Drama, Romance",1991,6,165493908,165128,6.9,51/100,51%
305,Kung Fu Panda 2,"Animation, Action, Adventure, Comedy, Family, Fantasy",2011,5,165249063,225823,7.2,67/100,81%
306,Hannibal,"Crime, Drama, Thriller",2001,2,165092266,236278,6.8,57/100,38%
307,Catch Me if You Can,"Biography, Crime, Drama",2002,12,164606800,712101,8.1,75/100,95%
308,The Proposal,"Comedy, Drama, Romance",2009,6,163958031,270892,6.7,48/100,45%
309,Big Daddy,"Comedy, Drama",1999,6,163479795,184175,6.4,41/100,40%
310,Clash of the Titans,"Action, Adventure, Fantasy",2010,4,163214888,254525,5.8,39/100,27%
311,The Sound of Music,"Biography, Drama, Family, Musical, Romance",1965,4,163214286,181661,8.0,63/100,86%
312,The SpongeBob Movie: Sponge Out of Water,"Animation, Adventure, Comedy, Family, Fantasy",2015,2,162994032,43069,6.0,62/100,81%
313,Batman Returns,"Action, Crime, Fantasy",1992,6,162833635,251767,7.0,68/100,79%
314,Django Unchained,"Drama, Western",2012,12,162805434,1195374,8.4,81/100,86%
315,A Bug's Life,"Animation, Adventure, Comedy, Family, Fantasy",1998,11,162798565,246270,7.2,77/100,92%
316,The Pursuit of Happyness,"Biography, Drama",2006,12,162586036,403685,8.0,64/100,67%
317,Jason Bourne,"Action, Thriller",2016,7,162192920,188785,6.6,58/100,55%
318,Grown Ups,Comedy,2010,6,162001186,209493,6.0,30/100,10%
319,The Waterboy,"Comedy, Sport",1998,11,161491646,136928,6.1,41/100,35%
320,Shark Tale,"Animation, Adventure, Comedy, Family, Fantasy",2004,10,161412000,153826,6.0,48/100,36%
321,Ice Age: Continental Drift,"Animation, Adventure, Comedy, Drama, Family, Fantasy",2012,7,161321843,174416,6.6,49/100,37%
322,Straight Outta Compton,"Biography, Drama, History, Music",2015,8,161197785,164243,7.9,72/100,88%
323,Die Another Day,"Action, Adventure, Thriller",2002,11,160942139,190758,6.1,56/100,57%
324,How to Train Your Dragon: The Hidden World,"Animation, Action, Adventure, Comedy, Family, Fantasy",2019,2,159706980,50741,7.7,71/100,91%
325,The Sting,"Comedy, Crime, Drama",1973,12,159616327,217613,8.3,80/100,93%
326,The Heat,"Action, Comedy, Crime",2013,6,159581587,152840,6.6,60/100,65%
327,Fantastic Beasts: The Crimes of Grindelwald,"Adventure, Family, Fantasy",2018,11,159555901,154382,6.7,52/100,37%
328,Halloween,"Horror, Thriller",2018,10,159342015,85239,6.7,67/100,
329,Star Trek Beyond,"Action, Adventure, Sci-Fi, Thriller",2016,7,158848340,208362,7.1,68/100,85%
330,The Firm,"Drama, Mystery, Thriller",1993,6,158340892,105066,6.8,58/100,75%
331,The Longest Yard,"Comedy, Crime, Sport",2005,5,158119460,149398,6.4,48/100,31%
332,X-Men,"Action, Adventure, Sci-Fi",2000,7,157299717,532147,7.4,64/100,81%
333,Scary Movie,Comedy,2000,7,157019771,213907,6.2,48/100,53%
334,Fatal Attraction,"Drama, Thriller",1987,9,156645693,66661,6.9,67/100,77%
335,What Lies Beneath,"Drama, Fantasy, Horror, Mystery, Thriller",2000,7,155464351,109914,6.6,51/100,46%
336,X-Men: Apocalypse,"Action, Adventure, Sci-Fi",2016,5,155442489,350572,7.0,52/100,47%
337,The Mummy,"Action, Adventure, Fantasy",1999,5,155385488,364923,7.0,48/100,58%
338,San Andreas,"Action, Adventure, Drama, Thriller",2015,5,155190832,191288,6.1,43/100,51%
339,Snow White and the Huntsman,"Action, Adventure, Drama, Fantasy",2012,6,155136755,257901,6.1,57/100,49%
340,Fast & Furious,"Action, Crime, Thriller",2009,4,155064265,240875,6.6,46/100,29%
341,Over the Hedge,"Animation, Adventure, Comedy, Family, Fantasy",2006,5,155019340,146566,6.7,67/100,75%
342,Fantastic Four,"Action, Adventure, Fantasy, Sci-Fi",2005,7,154696080,296153,5.7,40/100,27%
343,Horton Hears a Who,"Animation, Adventure, Comedy, Family, Fantasy",2008,3,154529439,120667,6.8,71/100,79%
344,Who Framed Roger Rabbit?,"Animation, Adventure, Comedy, Crime, Family, Fantasy, Mystery",1988,6,154112492,167832,7.7,83/100,97%
345,Jerry Maguire,"Comedy, Drama, Romance, Sport",1996,12,153952592,221428,7.3,77/100,83%
346,Trolls,"Animation, Adventure, Comedy, Family, Fantasy, Musical",2016,11,153707064,62534,6.5,56/100,75%
347,Beverly Hills Cop II,"Action, Comedy, Crime, Thriller",1987,5,153665036,98158,6.5,48/100,46%
348,Mad Max: Fury Road,"Action, Adventure, Sci-Fi, Thriller",2015,5,153636354,774301,8.1,90/100,97%
349,Scooby-Doo,"Adventure, Comedy, Family, Fantasy, Mystery",2002,6,153294164,86980,5.0,35/100,30%
350,101 Dalmatians,"Animation, Adventure, Comedy, Family",1961,1,153000000,136256,7.2,83/100,98%
351,Cars 3,"Animation, Adventure, Comedy, Family, Sport",2017,6,152901115,58451,6.8,59/100,70%
352,Sex and the City,"Comedy, Drama, Romance",2008,5,152647258,109844,5.6,53/100,49%
353,Runaway Bride,"Comedy, Romance",1999,7,152257509,86502,5.5,39/100,46%
354,La La Land,"Comedy, Drama, Music, Musical, Romance",2016,12,151101803,429069,8.0,93/100,91%
355,Divergent,"Action, Adventure, Mystery, Sci-Fi",2014,3,150947895,398123,6.7,48/100,42%
356,Rambo: First Blood Part II,"Action, Adventure, Thriller, War",1985,5,150415432,137141,6.5,47/100,38%
357,We're the Millers,"Comedy, Crime",2013,8,150394119,370207,7.0,44/100,48%
358,Terminator 3: Rise of the Machines,"Action, Sci-Fi",2003,7,150358296,347354,6.3,66/100,69%
359,Daddy's Home,Comedy,2015,12,150357137,96154,6.2,42/100,31%
360,G.I. Joe: The Rise of Cobra,"Action, Adventure, Sci-Fi, Thriller",2009,8,150201498,190369,5.8,32/100,34%
361,American Hustle,"Crime, Drama",2013,12,150117807,416018,7.2,90/100,92%
362,Neighbors,Comedy,2014,5,150086800,263858,6.3,68/100,72%
363,Puss in Boots,"Animation, Action, Adventure, Comedy, Family, Fantasy",2011,10,149260504,132474,6.6,65/100,85%
364,Les Miserables,"Drama, History, Musical, Romance, War",2012,12,148809770,284188,7.6,63/100,69%
365,Knocked Up,"Comedy, Drama, Romance",2007,6,148761765,330327,7.0,85/100,90%
366,As Good as it Gets,"Comedy, Drama, Romance",1997,12,148478011,252724,7.7,67/100,85%
367,Little Fockers,"Comedy, Romance",2010,12,148438600,98166,5.5,27/100,9%
368,Megamind,"Animation, Action, Comedy, Family, Sci-Fi",2010,11,148415853,205546,7.3,63/100,72%
369,Hotel Transylvania,"Animation, Comedy, Family, Fantasy, Horror",2012,9,148313048,203301,7.1,47/100,44%
370,Talladega Nights: The Ballad of Ricky Bobby,"Comedy, Sport",2006,8,148213377,152588,6.6,66/100,71%
371,Gremlins,"Comedy, Fantasy, Horror",1984,6,148168459,176704,7.3,70/100,84%
372,Gran Torino,Drama,2008,1,148095302,664927,8.1,72/100,80%
373,Lethal Weapon 2,"Action, Crime, Thriller",1989,7,147253986,147759,7.2,70/100,83%
374,War for the Planet of the Apes,"Action, Adventure, Drama, Sci-Fi, Thriller",2017,7,146880162,198769,7.5,82/100,93%
375,X-Men: First Class,"Action, Adventure, Sci-Fi",2011,6,146408305,604294,7.7,65/100,86%
376,Paul Blart: Mall Cop,"Action, Comedy, Crime, Family",2009,1,146336178,94643,5.2,39/100,32%
377,True Lies,"Action, Comedy, Thriller",1994,7,146282411,218836,7.2,63/100,71%
378,Lilo & Stitch,"Animation, Adventure, Comedy, Drama, Family, Fantasy, Sci-Fi",2002,6,145771527,149172,7.2,73/100,86%
379,The Meg,"Action, Horror, Sci-Fi, Thriller",2018,8,145443742,104713,5.7,46/100,46%
380,American Pie 2,Comedy,2001,8,145096820,224747,6.4,43/100,52%
382,The Great Gatsby,"Drama, Romance",2013,5,144840419,429597,7.3,55/100,48%
383,The Santa Clause,"Comedy, Drama, Family, Fantasy",1994,11,144833357,85038,6.4,57/100,74%
384,"I, Robot","Action, Crime, Drama, Mystery, Sci-Fi, Thriller",2004,7,144801023,460488,7.1,59/100,
385,Lethal Weapon 3,"Action, Crime, Thriller",1992,5,144731527,145308,6.7,40/100,59%
386,The Fast and the Furious,"Action, Crime, Thriller",2001,6,144512310,318276,6.8,58/100,53%
387,Doctor Dolittle,"Comedy, Family, Fantasy",1998,6,144156605,85799,5.4,46/100,43%
388,Mamma Mia!,"Comedy, Musical, Romance",2008,7,144130063,190511,6.4,51/100,55%
389,Rio,"Animation, Adventure, Comedy, Family, Musical",2011,4,143619809,190882,6.9,63/100,72%
390,Kung Fu Panda 3,"Animation, Action, Adventure, Comedy, Family, Fantasy",2016,1,143528619,114978,7.1,66/100,87%
391,Juno,"Comedy, Drama",2007,12,143495265,463645,7.5,81/100,94%
392,Marley & Me,"Comedy, Drama, Family",2008,12,143153751,135648,7.1,53/100,62%
393,The Smurfs,"Animation, Adventure, Comedy, Family, Fantasy",2011,7,142614158,77267,5.5,30/100,22%
394,xXx,"Action, Adventure, Thriller",2002,8,141930000,165188,5.9,48/100,48%
395,The Jungle Book,"Animation, Adventure, Family, Musical",1967,10,141843000,149955,7.6,65/100,87%
396,The Chronicles of Narnia: Prince Caspian,"Action, Adventure, Family, Fantasy",2008,5,141621490,178409,6.5,62/100,67%
397,Animal House,Comedy,1978,7,141600000,104605,7.6,79/100,91%
398,Pocahontas,"Animation, Adventure, Drama, Family, Musical, Romance",1995,6,141579773,151009,6.7,58/100,57%
399,A Few Good Men,"Drama, Thriller",1992,12,141340178,213738,7.7,62/100,82%
400,Slumdog Millionaire,"Drama, Romance",2008,12,141330703,744211,8.0,86/100,91%
401,Rush Hour,"Action, Comedy, Crime, Thriller",1998,9,141186864,218787,7.0,60/100,60%
402,The Blair Witch Project,"Horror, Mystery",1999,7,140539099,215569,6.4,81/100,87%
403,Deep Impact,"Action, Drama, Romance, Sci-Fi, Thriller",1998,5,140464664,150683,6.2,40/100,45%
404,Ocean's Eight,"Action, Comedy, Crime, Thriller",2018,6,140218711,136712,6.2,61/100,69%
405,Rush Hour 3,"Action, Comedy, Crime, Thriller",2007,8,140125968,140437,6.2,44/100,18%
406,Look Who's Talking,Comedy,1989,10,140088813,72327,5.8,51/100,59%
407,Stuart Little,"Adventure, Comedy, Family, Fantasy",1999,12,140015224,113522,5.9,61/100,67%
408,Taken 2,"Action, Thriller",2012,10,139854287,272053,6.3,45/100,22%
409,Sister Act,"Comedy, Crime, Family, Music",1992,5,139605150,78336,6.3,51/100,71%
410,Saturday Night Fever,"Drama, Music",1977,12,139486124,63826,6.8,77/100,85%
411,The Matrix Revolutions,"Action, Sci-Fi",2003,11,139270910,412420,6.7,47/100,36%
412,The Santa Clause 2,"Comedy, Family, Fantasy",2002,11,139225854,44740,5.6,48/100,55%
413,The King's Speech,"Biography, Drama, History",2010,12,138797449,591314,8.0,88/100,94%
414,Cheaper by the Dozen,"Comedy, Family",2003,12,138614544,86428,5.9,46/100,24%
415,Bad Boys II,"Action, Comedy, Crime, Thriller",2003,7,138540870,205510,6.6,38/100,22%
416,21 Jump Street,"Action, Comedy, Crime",2012,3,138447667,475864,7.2,69/100,84%
417,Good Will Hunting,"Drama, Romance",1997,1,138433435,759501,8.3,70/100,97%
419,Platoon,"Drama, War",1986,2,137963328,349610,8.1,92/100,88%
420,A Christmas Carol,"Animation, Drama, Family, Fantasy",2009,11,137855863,91261,6.8,55/100,54%
421,Dinosaur,"Animation, Adventure, Family, Thriller",2000,5,137748063,47372,6.5,56/100,65%
422,Ready Player One,"Action, Adventure, Sci-Fi",2018,3,137690172,291683,7.5,64/100,72%
423,The Conjuring,"Horror, Mystery, Thriller",2013,7,137400141,391689,7.5,68/100,85%
424,Click,"Comedy, Drama, Fantasy, Romance",2006,6,137355633,282437,6.4,45/100,33%
425,The Green Mile,"Crime, Drama, Fantasy, Mystery",1999,12,136801374,1007794,8.6,61/100,79%
426,Ransom,"Action, Crime, Thriller",1996,11,136492681,110788,6.7,60/100,76%
427,Godzilla,"Action, Sci-Fi, Thriller",1998,5,136314294,169817,5.3,32/100,16%
428,101 Dalmatians,"Adventure, Comedy, Crime, Family",1996,11,136189294,91794,5.7,49/100,39%
429,Argo,"Biography, Drama, Thriller",2012,10,136025503,532853,7.7,86/100,96%
430,Anger Management,Comedy,2003,4,135560942,191105,6.2,52/100,42%
431,Chicken Little,"Animation, Adventure, Comedy, Family, Fantasy, Sci-Fi",2005,11,135386665,77745,5.8,48/100,37%
432,Teenage Mutant Ninja Turtles,"Action, Adventure, Comedy, Family, Sci-Fi",1990,3,135265915,77998,6.8,51/100,40%
433,Patch Adams,"Biography, Comedy, Drama, Romance",1998,12,135014968,94386,6.7,25/100,22%
434,The Godfather,"Crime, Drama",1972,3,134966411,1425400,9.2,100/100,98%
435,The Incredible Hulk,"Action, Adventure, Sci-Fi",2008,6,134806913,398537,6.7,61/100,67%
436,Live Free or Die Hard,"Action, Thriller",2007,6,134529403,370280,7.1,69/100,82%
437,Wanted,"Action, Crime, Fantasy, Thriller",2008,6,134508551,338820,6.7,64/100,71%
438,Identity Thief,"Adventure, Comedy, Crime, Drama",2013,2,134506920,115067,5.7,35/100,19%
439,Superman,"Action, Adventure, Drama, Sci-Fi",1978,12,134218018,146864,7.4,80/100,94%
440,Ride Along,"Action, Comedy, Crime",2014,1,134202565,94017,6.2,41/100,18%
441,The Rock,"Action, Adventure, Thriller",1996,6,134069511,292018,7.4,58/100,66%
442,Grown Ups 2,Comedy,2013,7,133668525,127776,5.4,19/100,7%
443,Mission: Impossible III,"Action, Adventure, Thriller",2006,5,133501348,304861,6.9,66/100,70%
444,Angels & Demons,"Mystery, Thriller",2009,5,133375846,250653,6.7,48/100,37%
445,Troy,"Drama, History",2004,5,133298577,449398,7.2,56/100,54%
446,Alvin and the Chipmunks: Chipwrecked,"Animation, Adventure, Comedy, Family, Fantasy, Music",2011,12,133107389,27908,4.4,24/100,11%
447,Bringing Down the House,Comedy,2003,3,132675402,33070,5.6,39/100,34%
448,The Wolverine,"Action, Adventure, Sci-Fi",2013,7,132556852,397484,6.7,61/100,71%
449,Wonder,"Drama, Family",2017,11,132422809,109469,8.0,66/100,84%
450,The Departed,"Crime, Drama, Thriller",2006,10,132384315,1068475,8.5,85/100,91%
451,Hulk,"Action, Sci-Fi",2003,6,132177234,238255,5.6,54/100,62%
452,Silver Linings Playbook,"Comedy, Drama, Romance",2012,12,132092958,617599,7.7,81/100,92%
453,Minority Report,"Action, Crime, Mystery, Sci-Fi, Thriller",2002,6,132024714,466431,7.6,80/100,91%
454,Fantastic Four: Rise of the Silver Surfer,"Action, Adventure, Fantasy, Sci-Fi",2007,6,131921738,237261,5.6,45/100,37%
455,The Last Airbender,"Action, Adventure, Family, Fantasy",2010,7,131772187,137260,4.1,20/100,5%
456,Shazam!,"Action, Adventure, Comedy, Fantasy",2019,4,131540322,88869,7.5,71/100,90%
457,Rio 2,"Animation, Adventure, Comedy, Family, Musical",2014,4,131538435,71579,6.3,49/100,47%
458,Lara Croft: Tomb Raider,"Action, Adventure, Fantasy, Thriller",2001,6,131144183,184518,5.8,33/100,20%
459,The Silence of the Lambs,"Crime, Drama, Thriller",1991,2,130726716,1118305,8.6,85/100,96%
460,"Honey, I Shrunk the Kids","Adventure, Comedy, Family, Sci-Fi",1989,6,130724172,128869,6.3,63/100,75%
461,The Flintstones,"Comedy, Family, Fantasy",1994,5,130531208,69612,4.9,38/100,22%
462,Lethal Weapon 4,"Action, Crime, Thriller",1998,7,130444603,142924,6.6,37/100,52%
463,Get Smart,"Action, Adventure, Comedy",2008,6,130319208,188926,6.5,54/100,50%
464,The Divergent Series: Insurgent,"Action, Adventure, Sci-Fi, Thriller",2015,3,130179072,198729,6.2,42/100,28%
465,The Peanuts Movie,"Animation, Comedy, Drama, Family",2015,11,130178411,38960,7.1,67/100,87%
466,Transformers: The Last Knight,"Action, Adventure, Sci-Fi",2017,6,130168683,116621,5.2,27/100,15%
467,American Gangster,"Biography, Crime, Drama, Thriller",2007,11,130164645,365544,7.8,76/100,80%
468,American Beauty,Drama,1999,10,130058047,982272,8.4,86/100,88%
469,An Officer and a Gentleman,"Drama, Romance",1982,8,129795554,44067,7.0,75/100,81%
470,The Ring,"Horror, Mystery",2002,10,129094024,296792,7.1,57/100,71%
471,The Nutty Professor,"Comedy, Romance, Sci-Fi",1996,6,128814019,100860,5.6,62/100,64%
472,Borat,Comedy,2006,11,128505958,330369,7.3,89/100,91%
473,Ghostbusters,"Action, Comedy, Fantasy, Sci-Fi",2016,7,128350574,185272,5.2,60/100,74%
474,Kingsman: The Secret Service,Documentary,2015,6,128261724,825,7.8,,
475,Robots,"Animation, Adventure, Comedy, Family, Sci-Fi",2005,3,128200012,121733,6.3,64/100,64%
476,Coming to America,"Comedy, Romance",1988,6,128152301,145499,7.0,47/100,67%
477,"Crouching Tiger, Hidden Dragon","Action, Adventure, Fantasy, Romance",2000,1,128067808,238729,7.9,93/100,97%
478,Shutter Island,"Mystery, Thriller",2010,2,128012934,993416,8.1,63/100,68%
479,Into the Woods,"Adventure, Comedy, Drama, Fantasy, Musical",2014,12,128002372,122872,6.0,69/100,71%
480,Rocky IV,"Drama, Sport",1985,11,127873716,167219,6.8,40/100,40%
481,Enchanted,"Animation, Comedy, Family, Fantasy, Musical, Romance",2007,11,127706877,164401,7.1,75/100,93%
482,The Curious Case of Benjamin Button,"Drama, Fantasy, Romance",2008,12,127509326,535098,7.8,70/100,71%
483,Central Intelligence,"Action, Comedy, Crime",2016,6,127440871,137002,6.3,52/100,70%
484,Anchorman 2: The Legend Continues,Comedy,2013,12,127352707,154914,6.3,61/100,74%
485,Sweet Home Alabama,"Comedy, Romance",2002,9,127214072,94872,6.2,45/100,38%
486,Bumblebee,"Action, Adventure, Sci-Fi",2018,12,127195589,85531,6.9,66/100,92%
487,Dumb & Dumber,Comedy,1994,12,127175374,327706,7.3,41/100,67%
488,2 Fast 2 Furious,"Action, Crime, Thriller",2003,6,127120058,229396,5.9,38/100,36%
489,Super 8,"Mystery, Sci-Fi, Thriller",2011,6,127004179,318898,7.0,72/100,81%
490,The World is Not Enough,"Action, Adventure, Thriller",1999,11,126930660,175318,6.4,57/100,52%
491,My Best Friend's Wedding,"Comedy, Drama, Romance",1997,6,126813153,116772,6.3,50/100,73%
492,Smokey and the Bandit,"Action, Comedy",1977,5,126737428,40679,6.9,50/100,79%
493,Sleepless in Seattle,"Comedy, Drama, Romance",1993,6,126680884,144263,6.8,72/100,73%
494,The Legend of Tarzan,"Action, Adventure, Drama, Fantasy, Romance",2016,7,126643061,148654,6.3,44/100,36%
495,Bee Movie,"Animation, Adventure, Comedy, Family",2007,11,126631277,127017,6.1,54/100,50%
496,Lucy,"Action, Sci-Fi, Thriller",2014,7,126573960,399615,6.4,61/100,67%
497,Prometheus,"Adventure, Mystery, Sci-Fi",2012,6,126477084,536295,7.0,64/100,73%
498,Mr. Deeds,"Comedy, Romance",2002,6,126293452,126484,5.8,24/100,22%
499,Safe House,"Action, Adventure, Crime, Thriller",2012,2,126181630,191703,6.8,52/100,53%
500,The Dream is Alive,"Documentary, Short",1985,6,125900000,405,7.7,,
501,The Truman Show,"Comedy, Drama, Sci-Fi",1998,6,125618201,829512,8.1,90/100,94%
502,Erin Brockovich,"Biography, Drama",2000,3,125548685,157683,7.3,73/100,84%
503,Ocean's Twelve,"Crime, Thriller",2004,12,125531634,329778,6.5,58/100,55%
504,Terminator Salvation,"Action, Adventure, Sci-Fi",2009,5,125322469,318983,6.6,49/100,33%
505,Charlie's Angels,"Action, Adventure, Comedy, Crime, Thriller",2000,11,125305545,162503,5.5,52/100,68%
506,Tomorrow Never Dies,"Action, Adventure, Thriller",1997,12,125304276,168162,6.5,52/100,58%
507,Lone Survivor,"Action, Biography, Drama, War",2013,1,125095601,245126,7.5,60/100,76%
508,Sully,"Biography, Drama",2016,9,125070033,200348,7.5,74/100,86%
509,Rocky III,"Drama, Sport",1982,5,125049125,154942,6.8,57/100,66%
510,The Vow,"Drama, Romance",2012,2,125014030,172772,6.8,43/100,31%
511,Life of Pi,"Adventure, Drama, Fantasy",2012,11,124987022,532065,7.9,79/100,86%
512,The Fault in Our Stars,"Drama, Romance",2014,6,124872350,312653,7.7,69/100,80%
513,Cloudy with a Chance of Meatballs,"Animation, Action, Adventure, Comedy, Family, Fantasy, Sci-Fi",2009,9,124870275,184664,7.0,66/100,86%
514,The Devil Wears Prada,"Comedy, Drama",2006,6,124740460,337001,6.9,62/100,75%
515,Something's Gotta Give,"Comedy, Drama, Romance",2003,12,124685242,102698,6.7,66/100,72%
516,Traffic,"Crime, Drama, Thriller",2000,1,124107476,185795,7.6,86/100,92%
517,The Birdcage,Comedy,1996,3,124060553,72607,7.0,72/100,79%
518,City Slickers,"Comedy, Western",1991,6,124033791,44026,6.7,70/100,88%
519,Good Morning Vietnam,"Biography, Comedy, Drama, War",1987,1,123922370,115808,7.3,67/100,90%
520,Rango,"Animation, Adventure, Comedy, Family, Western",2011,3,123477607,214821,7.2,75/100,88%
521,Nutty Professor II: The Klumps,"Comedy, Romance, Sci-Fi",2000,7,123307945,45295,4.4,38/100,26%
522,The Good Dinosaur,"Animation, Adventure, Comedy, Drama, Family, Fantasy",2015,11,123087120,90900,6.7,66/100,76%
523,G.I. Joe: Retaliation,"Action, Adventure, Sci-Fi, Thriller",2013,3,122523060,164856,5.8,41/100,29%
524,Clear and Present Danger,"Action, Crime, Drama, Thriller",1994,8,122012656,80865,6.9,74/100,80%
525,The Bodyguard,"Drama, Music, Romance, Thriller",1992,11,121945720,107950,6.2,39/100,34%
526,Wayne's World,"Comedy, Music",1992,2,121697323,132302,7.0,57/100,84%
527,The Bourne Identity,"Action, Mystery, Thriller",2002,6,121468960,472729,7.9,68/100,83%
528,Superbad,Comedy,2007,8,121463226,479800,7.6,76/100,87%
529,Speed,"Action, Adventure, Crime, Thriller",1994,6,121248145,301141,7.2,78/100,93%
530,50 First Dates,"Comedy, Drama, Romance",2004,2,120776832,302579,6.8,48/100,45%
531,Inglourious Basterds,"Adventure, Drama, War",2009,8,120774594,1106541,8.3,69/100,88%
532,The Hunt for Red October,"Action, Adventure, Thriller",1990,3,120709866,163738,7.6,58/100,88%
533,Mamma Mia: Here We Go Again!,"Comedy, Musical, Romance",2018,7,120634935,57859,6.8,60/100,81%
534,Mulan,"Animation, Adventure, Family, Fantasy, Musical, War",1998,6,120620254,220477,7.6,71/100,86%
535,Seabiscuit,"Drama, History, Sport",2003,7,120277854,63003,7.3,72/100,77%
536,Van Helsing,"Action, Adventure, Fantasy",2004,5,120150546,227189,6.1,35/100,
537,Four Christmases,"Comedy, Drama, Romance",2008,11,120146040,58034,5.7,41/100,24%
538,The Mask,"Comedy, Fantasy",1994,7,119920129,312859,6.9,56/100,77%
539,Cloudy with a Chance of Meatballs 2,"Animation, Action, Adventure, Comedy, Family, Fantasy, Sci-Fi",2013,9,119793567,80071,6.4,59/100,71%
540,I Now Pronounce You Chuck and Larry,"Comedy, Romance",2007,7,119725280,132951,6.0,37/100,14%
541,Hook,"Adventure, Comedy, Family, Fantasy",1991,12,119654823,212246,6.7,52/100,26%
542,Walk the Line,"Biography, Drama, Music, Romance",2005,11,119519402,212036,7.9,72/100,83%
543,Blazing Saddles,"Comedy, Western",1974,2,119500000,115312,7.8,73/100,91%
544,G-Force,"Animation, Action, Adventure, Comedy, Family, Fantasy, Sci-Fi",2009,7,119436770,39016,5.1,41/100,22%
545,Total Recall,"Action, Sci-Fi, Thriller",1990,6,119394839,276476,7.5,57/100,82%
546,On Golden Pond,Drama,1981,2,119285432,25246,7.7,68/100,92%
547,The Other Guys,"Action, Comedy, Crime",2010,8,119219978,220657,6.7,64/100,78%
548,Fahrenheit 9/11,"Documentary, Drama, War",2004,6,119114517,122020,7.5,67/100,82%
549,Hairspray,"Comedy, Drama, Musical, Romance",2007,7,118871849,112708,6.7,81/100,91%
550,The Break-Up,"Comedy, Drama, Romance",2006,6,118703275,116430,5.8,45/100,34%
551,Lemony Snicket's A Series of Unfortunate Events,"Adventure, Comedy, Family, Fantasy",2004,12,118627117,184162,6.8,62/100,72%
552,Blades of Glory,"Comedy, Sport",2007,3,118594548,146711,6.3,64/100,70%
553,The Sum of All Fears,"Action, Drama, Thriller, War",2002,5,118471320,96456,6.4,45/100,59%
554,Back to the Future Part II,"Adventure, Comedy, Sci-Fi",1989,11,118450002,421526,7.8,57/100,65%
555,Salt,"Action, Mystery, Thriller",2010,7,118311368,276236,6.4,65/100,63%
556,Basic Instinct,"Drama, Mystery, Thriller",1992,3,117727224,155576,6.9,41/100,53%
557,Now You See Me,"Crime, Mystery, Thriller",2013,5,117723989,549255,7.3,50/100,50%
558,Big Momma's House,"Action, Comedy, Crime",2000,6,117559438,75585,5.1,33/100,30%
559,Horrible Bosses,"Comedy, Crime",2011,7,117538559,396855,6.9,57/100,69%
560,The Nun,"Horror, Mystery, Thriller",2018,9,117450119,86024,5.4,46/100,26%
561,Die Hard 2,"Action, Thriller",1990,7,117323878,310958,7.1,67/100,68%
562,Rocky,"Drama, Sport",1976,12,117235147,467776,8.1,70/100,93%
563,Jackass 3D,"Documentary, Action, Comedy",2010,10,117229692,52976,7.0,56/100,65%
564,Ocean's Thirteen,"Crime, Thriller",2007,6,117144465,296007,6.9,62/100,70%
565,The Wolf of Wall Street,"Biography, Crime, Drama",2013,12,116900694,1021115,8.2,75/100,78%
566,S.W.A.T.,"Action, Adventure, Crime, Thriller",2003,8,116877597,131034,6.0,45/100,47%
567,Double Jeopardy,"Crime, Drama, Mystery, Thriller",1999,9,116735231,65834,6.4,40/100,26%
568,8 Mile,"Drama, Music",2002,11,116724075,226890,7.1,77/100,75%
569,Lee Daniels' The Butler,"Biography, Drama",2013,8,116632095,101952,7.2,66/100,71%
570,Green Lantern,"Action, Adventure, Sci-Fi",2011,6,116601172,251376,5.5,39/100,26%
571,Notting Hill,"Comedy, Drama, Romance",1999,5,116089678,243526,7.1,66/100,83%
572,Towering Inferno,"Action, Drama, Thriller",1974,1,116000000,35506,6.9,69/100,71%
573,You've Got Mail,"Comedy, Drama, Romance",1998,12,115821495,176698,6.6,57/100,68%
574,Ghost Rider,"Action, Fantasy, Thriller",2007,2,115802596,207888,5.2,35/100,27%
575,Creed II,"Drama, Sport",2018,11,115715889,66571,7.2,66/100,84%
576,Remember the Titans,"Biography, Drama, Sport",2000,9,115654751,183675,7.8,48/100,73%
577,District 9,"Action, Sci-Fi, Thriller",2009,8,115646235,600624,7.9,81/100,90%
578,Unbroken,"Biography, Drama, Sport, War",2014,12,115637895,129305,7.2,59/100,51%
579,Peter Rabbit,"Animation, Adventure, Comedy, Family, Fantasy",2018,2,115234093,26997,6.6,51/100,64%
580,Girls Trip,"Comedy, Drama",2017,7,115108515,28674,6.2,71/100,90%
581,"The Karate Kid, Part II","Action, Family, Romance, Sport",1986,6,115103979,65005,6.0,55/100,42%
582,American Graffiti,"Comedy, Drama",1973,8,115000000,74122,7.5,97/100,96%
583,Big,"Comedy, Drama, Fantasy, Romance",1988,6,114968774,177666,7.3,73/100,97%
584,Fifty Shades Darker,"Drama, Romance",2017,2,114434010,80496,4.6,33/100,12%
585,Dodgeball: A True Underdog Story,"Comedy, Sport",2004,6,114326736,212607,6.7,55/100,70%
586,The Village,"Drama, Mystery, Thriller",2004,7,114197520,226929,6.5,44/100,44%
587,Bolt,"Animation, Adventure, Comedy, Drama, Family",2008,11,114053579,173258,6.9,67/100,89%
588,Wild Wild West,"Action, Comedy, Sci-Fi, Western",1999,6,113805681,143976,4.9,38/100,17%
589,Night at the Museum: Secret of the Tomb,"Adventure, Comedy, Family, Fantasy",2014,12,113746621,92164,6.2,47/100,47%
590,Magic Mike,"Comedy, Drama",2012,6,113721571,123247,6.1,72/100,80%
591,The Addams Family,"Comedy, Fantasy",1991,11,113502246,114868,6.9,57/100,64%
592,The Patriot,"Action, Drama, History, War",2000,6,113330342,236420,7.2,63/100,61%
593,Bad Moms,Comedy,2016,7,113257297,99607,6.2,60/100,58%
594,The Bourne Legacy,"Action, Adventure, Thriller",2012,8,113203870,267221,6.7,61/100,56%
595,The Pacifier,"Action, Comedy, Drama, Family, Thriller",2005,3,113006880,79721,5.6,30/100,20%
596,Dr. Dolittle 2,"Comedy, Family, Fantasy",2001,6,112950721,38983,4.7,49/100,42%
597,It's Complicated,"Comedy, Drama, Romance",2009,12,112735375,80166,6.6,57/100,58%
598,Spy Kids,"Action, Adventure, Comedy, Family, Sci-Fi",2001,3,112692062,99133,5.5,71/100,93%
599,Ghostbusters II,"Action, Comedy, Fantasy, Sci-Fi",1989,6,112494738,166130,6.5,56/100,53%
600,Face/Off,"Action, Crime, Sci-Fi, Thriller",1997,6,112276146,324657,7.3,82/100,92%
601,The Hangover 3,"Adventure, Comedy, Crime",2013,5,112200072,268512,5.8,30/100,20%
602,Twins,"Comedy, Crime",1988,12,111936388,103037,6.0,53/100,44%
603,Doctor Zhivago,"Drama, Romance, War",1965,12,111897830,64264,8.0,69/100,82%
604,Spy Kids 3-D: Game Over,"Action, Adventure, Comedy, Family, Sci-Fi",2003,7,111760631,48989,4.2,57/100,45%
605,Enemy of the State,"Action, Crime, Mystery, Thriller",1998,11,111549836,212468,7.3,67/100,71%
606,The Little Mermaid,"Animation, Family, Fantasy, Musical, Romance",1989,11,111543479,210299,7.6,88/100,93%
607,Mr. Peabody & Sherman,"Animation, Adventure, Comedy, Family, Sci-Fi",2014,3,111506430,56911,6.8,59/100,80%
608,The Last Samurai,"Action, Drama, War",2003,12,111110575,367483,7.7,55/100,66%
609,Glass,"Drama, Sci-Fi, Thriller",2019,1,111035005,107618,6.8,42/100,37%
610,Spy!,"Action, Comedy, Crime",2015,6,110825712,212647,7.0,75/100,94%
611,Fun With Dick And Jane,"Comedy, Crime",2005,12,110550000,124837,6.1,47/100,28%
612,Tropic Thunder,"Action, Adventure, Comedy, War",2008,8,110515313,349597,7.0,71/100,81%
613,Valentine's Day,"Comedy, Romance",2010,2,110485654,106894,5.7,34/100,18%
614,The Grudge,"Horror, Mystery, Thriller",2004,10,110359362,130428,5.9,49/100,39%
615,Freaky Friday,"Comedy, Family, Fantasy, Music, Romance",2003,8,110222438,114577,6.2,70/100,87%
616,Trainwreck,"Comedy, Drama, Romance",2015,7,110212700,121186,6.2,75/100,85%
617,Bedtime Stories,"Comedy, Family, Fantasy, Romance",2008,12,110101975,81955,6.1,33/100,26%
618,Scary Movie 3,Comedy,2003,10,110000082,127542,5.5,49/100,35%
619,Creed,"Drama, Sport",2015,11,109767581,222194,7.6,82/100,95%
620,Star Trek IV: The Voyage Home,"Adventure, Comedy, Sci-Fi",1986,11,109713132,71996,7.3,71/100,85%
621,Porky's,Comedy,1982,3,109492484,35083,6.2,40/100,30%
622,The 40 Year-old Virgin,"Comedy, Romance",2005,8,109449237,362391,7.1,73/100,85%
623,Crocodile Dundee 2,"Action, Adventure, Comedy",1988,5,109306210,49873,5.6,41/100,11%
624,Couples Retreat,Comedy,2009,10,109205660,94261,5.5,23/100,10%
625,One Flew Over the Cuckoo's Nest,Drama,1975,11,108981275,825931,8.7,80/100,94%
626,A Time to Kill,"Crime, Drama, Thriller",1996,7,108766007,118619,7.4,54/100,65%
627,Black Hawk Down,"Drama, History, War",2001,1,108638745,337262,7.7,74/100,76%
628,Terms of Endearment,"Comedy, Drama",1983,12,108423489,49231,7.4,79/100,88%
629,Ace Ventura: When Nature Calls,"Adventure, Comedy, Crime",1995,11,108360063,186333,6.4,45/100,33%
630,The Princess Diaries,"Comedy, Family, Romance",2001,8,108244774,115781,6.3,52/100,47%
631,The Upside,"Comedy, Drama",2019,1,108235497,15206,6.5,46/100,
632,Superman II,"Action, Adventure, Sci-Fi",1981,6,108185706,90349,6.8,87/100,85%
633,Hop,"Animation, Adventure, Comedy, Family, Fantasy",2011,4,108085305,28628,5.4,41/100,25%
634,Pulp Fiction,"Crime, Drama",1994,10,107928762,1620759,8.9,94/100,92%
635,Paranormal Activity,"Horror, Mystery, Thriller",2009,10,107918810,207378,6.3,68/100,83%
636,Baby Driver,"Action, Crime, Drama, Music, Thriller",2017,6,107825862,355764,7.6,86/100,93%
637,A League of Their Own,"Comedy, Drama, Family, Sport",1992,7,107533925,83964,7.2,67/100,78%
638,Epic,"Animation, Adventure, Family, Fantasy, Thriller",2013,5,107518682,94893,6.7,52/100,65%
639,Watchmen,"Action, Drama, Mystery, Sci-Fi",2009,3,107509799,451359,7.6,56/100,64%
640,The Angry Birds Movie,"Animation, Action, Adventure, Comedy, Family",2016,5,107509366,68790,6.3,43/100,43%
641,Dumbo,"Adventure, Family, Fantasy",2019,3,107474962,23280,6.6,51/100,47%
642,Batman & Robin,"Action, Sci-Fi",1997,6,107325195,217296,3.7,28/100,10%
643,Captain Phillips,"Biography, Drama, Thriller",2013,10,107136417,385120,7.8,83/100,93%
644,Black Swan,"Drama, Thriller",2010,12,106954678,645777,8.0,79/100,85%
645,Analyze This,"Comedy, Crime",1999,3,106885658,137316,6.7,61/100,70%
646,Miss Congeniality,"Action, Comedy, Crime, Romance",2000,12,106807667,167783,6.2,43/100,42%
647,Chicken Run,"Animation, Adventure, Comedy, Drama, Family",2000,6,106793915,163209,7.0,88/100,97%
648,Indecent Proposal,"Drama, Romance",1993,4,106614059,56601,5.9,35/100,35%
649,Driving Miss Daisy,Drama,1989,1,106593296,88438,7.4,81/100,82%
650,300: Rise of an Empire,"Action, Fantasy, War",2014,3,106580051,261085,6.2,48/100,44%
651,Goldeneye,"Action, Adventure, Thriller",1995,11,106429941,222455,7.2,65/100,78%
652,Love Story,"Drama, Romance",1970,12,106397186,26995,6.9,84/100,64%
653,Kramer vs. Kramer,Drama,1979,12,106260000,117830,7.8,77/100,91%
654,The Italian Job,"Action, Crime, Thriller",2003,5,106126012,320482,7.0,68/100,73%
655,How to Lose a Guy in 10 Days,"Comedy, Romance",2003,2,105807520,189420,6.4,45/100,42%
656,The LEGO Movie 2: The Second Part,"Animation, Action, Adventure, Comedy, Family, Fantasy, Musical",2019,2,105718384,24039,6.8,65/100,86%
657,The First Wives Club,Comedy,1996,9,105489203,38245,6.3,58/100,49%
658,Robin Hood,"Action, Adventure, Drama, History, Romance",2010,5,105487148,238708,6.7,53/100,43%
659,Interview with the Vampire: The Vampire Chronicles,"Drama, Horror",1994,11,105264608,273163,7.6,59/100,62%
660,George Of The Jungle,"Action, Adventure, Comedy, Family, Romance",1997,7,105263257,65173,5.5,53/100,57%
661,Pitch Perfect 3,"Comedy, Music",2017,12,104897530,44097,5.8,40/100,30%
662,Phenomenon,"Drama, Fantasy, Romance, Sci-Fi",1996,7,104636382,70572,6.4,41/100,50%
663,The Princess and the Frog,"Animation, Adventure, Comedy, Family, Fantasy, Musical, Romance",2009,12,104400899,108087,7.1,73/100,85%
664,The Graduate,"Comedy, Drama, Romance",1967,12,104397102,236871,8.0,77/100,89%
665,The Chronicles of Narnia: The Voyage of the Daw…,"Adventure, Family, Fantasy",2010,12,104386950,128300,6.3,53/100,49%
666,American Wedding,Comedy,2003,8,104354205,182100,6.3,43/100,54%
667,Every Which Way but Loose,"Action, Comedy",1978,12,104268727,20995,6.3,41/100,37%
668,Daddy Day Care,"Comedy, Family",2003,5,104148781,58157,5.6,39/100,27%
669,Road to Perdition,"Crime, Drama, Thriller",2002,7,104054514,227047,7.7,72/100,80%
670,Daddy's Home 2,Comedy,2017,11,104029443,47572,6.0,30/100,20%
671,Paranormal Activity 3,"Horror, Mystery, Thriller",2011,10,104028807,85200,5.8,59/100,68%
672,Journey 2: The Mysterious Island,"Action, Adventure, Comedy, Family, Fantasy, Sci-Fi",2012,2,103860290,82887,5.8,41/100,44%
673,The Mule,"Crime, Drama, Thriller",2018,12,103804407,46910,7.1,58/100,70%
674,Dick Tracy,"Action, Comedy, Crime, Music, Romance, Thriller",1990,6,103738726,53200,6.1,,63%
675,Rise of the Guardians,"Animation, Action, Adventure, Comedy, Family, Fantasy",2012,11,103412758,144374,7.3,57/100,74%
676,Dreamgirls,"Drama, Music, Musical",2006,12,103365956,64198,6.5,76/100,78%
677,Nine to Five,Comedy,1982,3,103290500,273,6.3,,
678,Independence Day: Resurgence,"Action, Adventure, Sci-Fi",2016,6,103144286,154406,5.2,32/100,29%
679,The Expendables,"Action, Adventure, Thriller",2010,8,103068524,306348,6.5,45/100,42%
680,Scream,"Horror, Mystery",1996,12,103046663,258993,7.2,65/100,79%
681,Just Go With It,"Comedy, Romance",2011,2,103028109,199297,6.4,33/100,18%
682,Jaws 2,"Adventure, Drama, Horror, Thriller",1978,6,102922376,63517,5.7,51/100,57%
683,Murder on the Orient Express,"Crime, Drama, Mystery",2017,11,102826543,175551,6.5,52/100,59%
684,Bambi,"Animation, Drama, Family",1942,8,102797000,116895,7.3,91/100,90%
685,The General's Daughter,"Crime, Drama, Mystery, Thriller",1999,6,102705852,48785,6.3,47/100,22%
686,The Aviator,"Biography, Drama",2004,12,102608827,305595,7.5,77/100,86%
687,Daredevil,"Action, Adventure, Crime",2003,2,102543518,196793,5.3,42/100,44%
688,The Girl with the Dragon Tattoo,"Crime, Drama, Mystery, Thriller",2011,12,102515793,385723,7.8,71/100,86%
689,The Mummy: Tomb of the Dragon Emperor,"Action, Adventure, Fantasy, Horror, Thriller",2008,8,102491776,140156,5.2,31/100,13%
690,The Conjuring 2: The Enfield Poltergeist,"Drama, Horror, Mystery, Thriller",2016,6,102470008,192070,7.4,65/100,80%
691,The Maze Runner,"Action, Mystery, Sci-Fi, Thriller",2014,9,102427862,385431,6.8,57/100,65%
692,Butch Cassidy and the Sundance Kid,"Biography, Crime, Drama, Western",1969,10,102308900,186161,8.1,66/100,90%
693,Mary Poppins,"Comedy, Family, Fantasy, Musical",1964,12,102272145,140661,7.8,88/100,100%
694,In the Line of Fire,"Action, Crime, Drama, Thriller",1993,7,102243874,84787,7.2,74/100,96%
695,Annabelle: Creation,"Horror, Mystery, Thriller",2017,8,102092201,88112,6.5,62/100,70%
696,The Equalizer 2,"Action, Crime, Thriller",2018,7,102084362,94483,6.7,50/100,51%
697,Jackass Presents: Bad Grandpa,Comedy,2013,10,102003019,85500,6.5,54/100,61%
698,Pacific Rim,"Action, Adventure, Sci-Fi",2013,7,101802906,441954,6.9,65/100,72%
699,American Pie,Comedy,1999,7,101800948,352099,7.0,58/100,61%
700,Journey to the Center of the Earth,"Action, Adventure, Family, Fantasy, Sci-Fi",2008,7,101704370,103949,5.8,57/100,61%
701,Gone in 60 Seconds,"Action, Crime, Thriller",2000,6,101643008,245039,6.5,35/100,25%
702,Maverick,"Action, Adventure, Comedy, Thriller, Western",1994,5,101631272,94386,7.0,62/100,66%
703,Sleeping with the Enemy,"Drama, Thriller",1991,2,101599005,44928,6.2,48/100,21%
704,The Equalizer,"Action, Crime, Thriller",2014,9,101530738,300294,7.2,57/100,60%
705,This is the End,"Comedy, Fantasy",2013,6,101470202,359086,6.6,67/100,83%
706,Eagle Eye,"Action, Mystery, Thriller",2008,9,101440743,166609,6.6,43/100,27%
707,The Prince of Egypt,"Animation, Adventure, Drama, Family, Fantasy, Musical",1998,12,101413188,107494,7.1,64/100,79%
708,Scream 2,"Horror, Mystery",1997,12,101363301,143391,6.1,63/100,81%
709,Stir Crazy,"Comedy, Crime",1980,12,101300000,22462,6.8,56/100,67%
710,Eraser,"Action, Drama, Mystery, Thriller",1996,6,101295562,96158,6.1,56/100,35%
711,Noah,"Action, Adventure, Drama",2014,3,101200044,228273,5.8,68/100,76%
712,Unforgiven,"Drama, Western",1992,8,101157447,338641,8.2,85/100,96%
713,Con Air,"Action, Crime, Thriller",1997,6,101117573,255996,6.8,52/100,55%
714,Sleepy Hollow,"Fantasy, Horror, Mystery",1999,11,101068340,304924,7.4,65/100,68%
715,Rampage,"Action, Adventure, Sci-Fi",2018,4,101028233,111635,6.1,45/100,52%
716,The Cat in the Hat,"Adventure, Comedy, Family, Fantasy",2003,11,101018283,45043,3.9,19/100,9%
717,Contact,"Drama, Mystery, Sci-Fi, Thriller",1997,7,100920329,234600,7.4,62/100,63%
718,Charlie's Angels: Full Throttle,"Action, Adventure, Comedy, Crime",2003,6,100814328,112057,4.9,48/100,42%
719,The Pelican Brief,"Crime, Drama, Mystery, Thriller",1993,12,100768056,69724,6.6,50/100,52%
720,Vanilla Sky,"Fantasy, Mystery, Romance, Sci-Fi, Thriller",2001,12,100614858,233077,6.9,45/100,42%
721,Arrival,"Drama, Mystery, Sci-Fi, Thriller",2016,11,100546139,507786,7.9,81/100,94%
722,Due Date,"Adventure, Comedy",2010,11,100539043,302338,6.5,51/100,40%
723,The Rugrats Movie,"Animation, Adventure, Comedy, Drama, Family, Musical",1998,11,100494685,16559,5.9,,60%
724,Million Dollar Baby,"Drama, Sport",2004,1,100492203,582727,8.1,86/100,91%
725,Airport,"Action, Drama, Thriller",1970,3,100489150,15795,6.6,42/100,80%
726,A Wrinkle in Time,"Adventure, Family, Fantasy, Sci-Fi",2018,3,100478608,34297,4.2,53/100,42%
727,Step Brothers,Comedy,2008,7,100468793,245773,6.9,51/100,55%
728,Jumanji,"Adventure, Comedy, Family, Fantasy",1995,12,100458310,267973,7.0,39/100,54%
729,Fifty Shades Freed,"Drama, Romance, Thriller",2018,2,100407760,42623,4.5,31/100,12%
730,Cowboys & Aliens,"Action, Sci-Fi, Thriller, Western",2011,7,100368560,194940,6.0,50/100,45%
731,Casper,"Comedy, Family, Fantasy",1995,5,100328194,105914,6.1,49/100,44%
732,Shakespeare in Love,"Comedy, Drama, History, Romance",1998,1,100317794,200176,7.1,87/100,92%
733,Bad Teacher,"Comedy, Romance",2011,6,100292856,180419,5.7,47/100,45%
734,Evan Almighty,"Comedy, Family, Fantasy",2007,6,100289690,129922,5.4,37/100,23%
735,Yogi Bear,"Animation, Adventure, Comedy, Family",2010,12,100246011,18842,4.6,35/100,13%
736,Kingsman: The Golden Circle,"Action, Adventure, Comedy",2017,9,100234838,225507,6.8,44/100,52%
737,Edge of Tomorrow,"Action, Sci-Fi",2014,6,100206256,541744,7.9,71/100,90%
738,Collateral,"Crime, Drama, Thriller",2004,8,100170152,333296,7.5,71/100,86%
739,The Hunchback of Notre Dame,"Animation, Drama, Family, Musical, Romance",1996,6,100138851,126838,6.9,74/100,72%
740,Se7en,"Crime, Drama, Mystery, Thriller",1995,9,100125643,1276153,8.6,65/100,81%
741,Parenthood,"Comedy, Drama",1989,8,100047830,40637,7.0,82/100,93%
742,You Don't Mess With the Zohan,Comedy,2008,6,100018837,176264,5.5,54/100,37%
743,Passengers,"Drama, Romance, Sci-Fi, Thriller",2016,12,100014699,306296,7.0,41/100,30%
744,Die Hard: With a Vengeance,"Action, Adventure, Thriller",1995,5,100012499,339743,7.6,58/100,52%
745,Gnomeo and Juliet,"Animation, Adventure, Comedy, Family, Romance",2011,2,99967670,49263,6.0,53/100,56%
746,Christopher Robin,"Animation, Adventure, Comedy, Drama, Family, Fantasy",2018,8,99215042,48287,7.3,60/100,
747,Hercules,"Animation, Adventure, Comedy, Family, Fantasy, Musical, Romance",1997,6,99112101,180151,7.3,74/100,83%
748,Olympus Has Fallen,"Action, Thriller",2013,3,98927592,233781,6.5,41/100,49%
749,Heaven Can Wait,"Comedy, Fantasy, Romance, Sport",1978,6,98800000,16844,6.9,72/100,89%
750,The Green Hornet,"Action, Comedy, Crime, Sci-Fi, Thriller",2011,1,98780042,147943,5.8,39/100,44%
751,Date Night,"Comedy, Crime, Romance, Thriller",2010,4,98711404,143873,6.3,56/100,67%
752,Billy Jack,"Action, Drama",1971,8,98000000,5126,6.2,50/100,60%
753,Meet the Robinsons,"Animation, Adventure, Comedy, Family, Sci-Fi",2007,3,97822171,79160,6.9,61/100,67%
754,Yes Man,"Comedy, Romance",2008,12,97690976,309494,6.8,46/100,46%
755,Sausage Party,"Animation, Adventure, Comedy, Fantasy",2016,8,97670358,157201,6.2,66/100,82%
756,Inspector Gadget,"Action, Adventure, Comedy, Crime, Family, Sci-Fi",1999,7,97387965,41857,4.1,36/100,21%
757,Public Enemies,"Biography, Crime, Drama",2009,7,97104620,260535,7.0,70/100,67%
758,The Social Network,"Biography, Drama",2010,10,96962694,564327,7.7,95/100,95%
759,Schindler's List,"Biography, Drama, History",1993,2,96898818,1077467,8.9,93/100,97%
760,The Others,"Horror, Mystery, Thriller",2001,8,96522687,311655,7.6,74/100,83%
761,Legally Blonde,"Comedy, Romance",2001,7,96493426,163685,6.3,59/100,69%
762,Dead Poets Society,"Comedy, Drama",1989,6,95860116,365892,8.1,79/100,84%
763,Zero Dark Thirty,"Drama, Thriller",2012,1,95720716,248942,7.4,95/100,91%
764,Norbit,"Comedy, Romance",2007,2,95673607,62706,4.0,27/100,9%
765,Cold Mountain,"Adventure, Drama, History, Romance, War",2003,12,95632614,131506,7.2,73/100,71%
766,Sex and the City 2,"Comedy, Drama, Romance",2010,5,95347692,68933,4.4,27/100,15%
767,Michael,"Comedy, Drama, Fantasy",1996,12,95345070,38454,5.7,38/100,38%
768,Panic Room,"Crime, Drama, Thriller",2002,3,95308367,236341,6.8,65/100,75%
769,The Princess Diaries 2: Royal Engagement,"Comedy, Family, Romance",2004,8,95149435,67134,5.8,43/100,25%
770,42,"Biography, Drama, Sport",2013,4,95020213,77099,7.5,62/100,80%
771,Unbreakable,"Drama, Mystery, Sci-Fi, Thriller",2000,11,94999143,347298,7.3,62/100,70%
772,The Book of Eli,"Action, Adventure, Drama, Thriller",2010,1,94835059,270222,6.9,53/100,47%
773,"10,000 B.C.","Action, Adventure, Drama, Fantasy, History",2008,3,94784201,119370,5.1,34/100,8%
774,Beverly Hills Chihuahua,"Adventure, Comedy, Drama, Family, Romance",2008,10,94514402,20618,3.8,41/100,40%
775,Julie & Julia,"Biography, Drama, Romance",2009,8,94125426,95512,7.0,66/100,76%
776,He's Just Not That Into You,"Comedy, Drama, Romance",2009,2,93953653,149342,6.4,47/100,40%
777,Maid in Manhattan,"Comedy, Drama, Romance",2002,12,93932896,78283,5.2,45/100,39%
778,Master and Commander: The Far Side of the World,"Action, Adventure, Drama, History, War",2003,11,93926386,188666,7.4,81/100,85%
779,The Mask of Zorro,"Action, Adventure, Comedy, Romance, Thriller, Western",1998,7,93828745,156018,6.7,63/100,82%
780,Flight,"Drama, Thriller",2012,11,93772375,301827,7.3,76/100,78%
781,The Fighter,"Biography, Drama, Sport",2010,12,93617009,314498,7.8,79/100,90%
782,America's Sweethearts,"Comedy, Romance",2001,7,93607673,52071,5.7,44/100,32%
783,Lady and the Tramp,"Animation, Adventure, Comedy, Drama, Family, Romance",1955,6,93600000,107775,7.3,78/100,93%
784,The Color Purple,Drama,1985,2,93589701,70923,7.8,78/100,85%
785,The Bucket List,"Adventure, Comedy, Drama",2007,1,93466502,213094,7.4,42/100,40%
786,Tomorrowland,"Action, Adventure, Family, Fantasy, Mystery, Sci-Fi",2015,5,93436322,160367,6.4,60/100,50%
787,The Magnificent Seven,"Action, Adventure, Western",2016,9,93432655,166981,6.9,54/100,64%
788,Cats & Dogs,"Action, Comedy, Family, Fantasy",2001,7,93375151,52539,5.1,47/100,53%
789,Two Weeks Notice,"Comedy, Romance",2002,12,93354918,97603,6.1,42/100,42%
790,The Poseidon Adventure,"Action, Adventure, Drama, Thriller",1972,12,93300000,37559,7.1,70/100,79%
791,Space Station,Documentary,2002,4,93231060,1433,7.5,69/100,87%
792,Elysium,"Action, Drama, Sci-Fi",2013,8,93050117,393921,6.6,61/100,66%
793,Flubber,"Comedy, Family, Sci-Fi",1997,11,92993801,77563,5.2,37/100,24%
794,Red Dragon,"Crime, Drama, Thriller",2002,10,92955420,230955,7.2,60/100,68%
795,When Harry Met Sally...,"Comedy, Drama, Romance",1989,7,92823546,176097,7.6,76/100,90%
796,The Town,"Crime, Drama, Thriller",2010,9,92186262,320486,7.6,74/100,93%
797,The Client,"Crime, Drama, Mystery",1994,7,92115211,54089,6.7,65/100,78%
798,Blade Runner 2049,"Drama, Mystery, Sci-Fi, Thriller",2017,10,92054159,369723,8.0,81/100,87%
799,John Wick: Chapter Two,"Action, Crime, Thriller",2017,2,92029184,268136,7.5,75/100,89%
800,Star Trek: First Contact,"Action, Adventure, Drama, Sci-Fi, Thriller",1996,11,92027888,109716,7.6,71/100,93%
801,Non-Stop,"Action, Mystery, Thriller",2014,2,91742160,233449,7.0,56/100,60%
802,Think Like a Man,"Comedy, Romance",2012,4,91547205,40840,6.6,51/100,54%
803,Kindergarten Cop,"Comedy, Crime",1990,12,91457688,124652,6.1,61/100,51%
804,Crimson Tide,"Action, Drama, Thriller, War",1995,5,91387195,93063,7.3,66/100,88%
805,Heaven is for Real,"Biography, Drama, Family",2014,4,91386097,24060,5.8,47/100,49%
806,Back to School,"Comedy, Romance, Sport",1986,6,91258000,25445,6.6,68/100,85%
807,The Haunting,"Fantasy, Horror, Mystery, Thriller",1999,7,91188905,66530,4.9,42/100,16%
808,Stepmom,"Comedy, Drama",1998,12,91137662,55504,6.7,58/100,45%
809,The Imitation Game,"Biography, Drama, Thriller, War",2014,12,91125143,614292,8.0,73/100,90%
810,Save the Last Dance,"Drama, Music, Romance",2001,1,91038276,53875,6.2,53/100,
811,Ride Along 2,"Action, Comedy",2016,1,90862685,48020,5.9,32/100,13%
812,The Karate Kid,"Action, Drama, Family, Sport",1984,6,90815558,156394,7.2,60/100,88%
813,Prince of Persia: Sands of Time,"Action, Adventure, Fantasy",2010,5,90759676,252912,6.6,50/100,37%
814,Antz,"Animation, Adventure, Comedy, Family",1998,10,90757863,138584,6.6,72/100,93%
815,Scary Movie 4,Comedy,2006,4,90710620,106140,5.1,40/100,36%
816,The Game Plan,"Comedy, Family, Sport",2007,9,90648202,53113,6.2,44/100,29%
817,"Legally Blonde 2: Red, White & Blonde",Comedy,2003,7,90639088,56010,4.7,47/100,37%
818,The Scorpion King,"Action, Adventure, Fantasy, Thriller",2002,4,90580000,122093,5.5,45/100,41%
819,"Me, Myself & Irene",Comedy,2000,6,90570999,208694,6.6,49/100,47%
820,High School Musical 3: Senior Year,"Comedy, Drama, Family, Music, Musical, Romance",2008,10,90559416,52553,4.7,57/100,64%
821,Madea Goes To Jail,"Comedy, Crime, Drama",2009,2,90508336,10792,4.4,50/100,28%
822,Flashdance,"Drama, Music, Romance",1983,4,90463574,42634,6.2,39/100,35%
823,Space Jam,"Animation, Adventure, Comedy, Family, Fantasy, Sci-Fi, Sport",1996,11,90463534,139803,6.4,59/100,43%
824,Space Cowboys,"Action, Adventure, Thriller",2000,8,90454043,68139,6.4,73/100,78%
825,Get Hard,"Comedy, Crime",2015,3,90411453,110576,6.0,34/100,28%
826,Trading Places,Comedy,1983,6,90400000,122759,7.5,69/100,86%
827,Red,"Action, Comedy, Crime, Thriller",2010,10,90380162,270352,7.1,60/100,71%
828,Disney Planes,"Animation, Adventure, Comedy, Family",2013,8,90282580,39758,5.7,39/100,25%
829,Mystic River,"Crime, Drama, Mystery, Thriller",2003,10,90135191,386064,8.0,84/100,88%
830,Terminator: Genisys,"Action, Adventure, Sci-Fi",2015,7,89760956,232000,6.4,38/100,26%
831,Flightplan,"Action, Drama, Mystery, Thriller",2005,9,89706988,142706,6.3,53/100,37%
832,Father of the Bride,"Comedy, Family, Romance",1991,12,89325780,62790,6.5,51/100,70%
833,The Lone Ranger,"Action, Adventure, Western",2013,7,89302115,207397,6.4,37/100,31%
834,The Emperor's New Groove,"Animation, Adventure, Comedy, Family, Fantasy",2000,12,89296573,159472,7.4,70/100,85%
835,Taken 3,"Action, Thriller",2015,1,89256424,164081,6.0,26/100,12%
836,Don't Breathe,"Crime, Horror, Thriller",2016,8,89217875,184898,7.1,71/100,88%
837,Scream 3,"Horror, Mystery",2000,2,89138076,113536,5.6,56/100,36%
838,Oblivion,"Action, Adventure, Sci-Fi",2013,4,89107235,450384,7.0,54/100,52%
839,The Trial of Billy Jack,"Action, Drama, Music, Thriller",1974,11,89000000,1169,4.7,,50%
840,The Ugly Truth,"Comedy, Romance",2009,7,88915214,188930,6.5,28/100,14%
841,Percy Jackson & the Olympians: The Lightning Thief,"Adventure, Family, Fantasy",2010,2,88768303,163970,5.9,47/100,49%
842,Failure to Launch,"Comedy, Romance",2006,3,88715192,66761,5.6,47/100,24%
843,Inside Man,"Crime, Drama, Mystery, Thriller",2006,3,88634237,311936,7.6,76/100,86%
844,The Muppets,"Adventure, Comedy, Family, Musical",2011,11,88625922,82457,7.1,75/100,95%
845,Waterworld,"Action, Adventure, Sci-Fi, Thriller",1995,7,88246220,165240,6.2,56/100,44%
846,Starsky & Hutch,"Comedy, Crime",2004,3,88200225,130938,6.1,55/100,62%
847,Along Came Polly,"Comedy, Romance",2004,1,88073507,117907,5.9,44/100,26%
848,Back to the Future Part III,"Adventure, Comedy, Sci-Fi, Western",1990,5,88055283,354701,7.4,55/100,75%
849,The Hand That Rocks the Cradle,"Drama, Thriller",1992,1,88036683,34637,6.6,,63%
850,Entrapment,"Action, Crime, Romance, Thriller",1999,4,87707396,99662,6.3,54/100,38%
851,Peter Pan,"Animation, Adventure, Family, Fantasy, Musical",1953,2,87400000,111170,7.3,76/100,79%
852,Pineapple Express,"Action, Comedy, Crime",2008,8,87341380,292339,7.0,64/100,
853,Miss Peregrine's Home for Peculiar Children,"Adventure, Drama, Fantasy, Thriller",2016,9,87242834,139065,6.7,57/100,65%
854,Everest,"Documentary, Short",1998,3,87178599,2994,7.1,,93%
855,Sisters,Comedy,2015,12,87044645,58624,6.0,58/100,60%
856,Saw II,"Crime, Horror, Mystery",2005,10,87025093,216502,6.6,40/100,37%
857,The Naked Gun 2½: The Smell of Fear,"Comedy, Crime",1991,6,86930411,96204,6.9,65/100,57%
858,The Campaign,Comedy,2012,8,86907746,118281,6.1,50/100,66%
859,To Fly!,"Documentary, Short, History",1976,6,86600000,181,7.0,,
860,The Amityville Horror,Horror,1979,7,86432520,32133,6.2,28/100,27%
861,Presumed Innocent,"Mystery, Thriller",1990,7,86303188,34279,6.9,72/100,87%
862,Young Frankenstein,Comedy,1974,12,86300000,132334,8.0,80/100,93%
863,The Accountant,"Action, Crime, Drama, Thriller",2016,10,86260045,231503,7.3,51/100,51%
864,Dumb and Dumber To,"Adventure, Comedy",2014,11,86208010,117820,5.6,36/100,30%
865,The Emoji Movie,"Animation, Adventure, Comedy, Family, Fantasy",2017,7,86089513,46270,3.2,12/100,7%
866,Mean Girls,Comedy,2004,4,86047227,298751,7.0,66/100,84%
867,Annie,"Comedy, Drama, Family, Musical",2014,12,85911262,30957,5.3,33/100,28%
868,Alvin and the Chipmunks: The Road Chip,"Animation, Adventure, Comedy, Family, Fantasy, Music",2015,12,85886987,14347,5.1,33/100,15%
869,Spy Kids 2: The Island of Lost Dreams,"Action, Adventure, Comedy, Family, Sci-Fi",2002,8,85846296,54127,5.1,66/100,75%
870,Fury,"Action, Drama, War",2014,10,85817906,379602,7.6,64/100,77%
871,Pokemon: The First Movie,"Animation, Action, Adventure, Family, Fantasy, Sci-Fi, Sport",1999,11,85744662,35300,6.1,35/100,15%
872,Alita: Battle Angel,"Action, Adventure, Sci-Fi, Thriller",2019,2,85657794,84692,7.6,54/100,60%
873,Real Steel,"Action, Drama, Family, Sci-Fi, Sport",2011,10,85463309,282268,7.1,56/100,60%
874,SpongeBob SquarePants: The Movie,"Animation, Adventure, Comedy, Family, Fantasy",2004,11,85416609,70137,7.0,66/100,69%
875,The Ten Commandments,"Adventure, Drama",1956,10,85400591,56645,7.9,,97%
876,Power Rangers,"Action, Adventure, Sci-Fi",2017,3,85364450,90668,6.0,44/100,49%
877,Brother Bear,"Animation, Adventure, Comedy, Family, Fantasy",2003,11,85336277,85913,6.8,48/100,37%
878,Stripes,"Comedy, War",1981,6,85300000,58499,6.9,68/100,86%
879,Rocky 2,"Drama, Sport",1979,6,85182160,171195,7.2,61/100,72%
880,Aliens,"Action, Adventure, Sci-Fi, Thriller",1986,7,85160248,594662,8.4,84/100,99%
881,Open Season,"Animation, Adventure, Comedy, Family, Fantasy",2006,9,85105259,78087,6.1,49/100,48%
882,Green Book,"Biography, Comedy, Drama, Music",2018,11,85069526,174375,8.3,69/100,78%
883,The Expendables 2,"Action, Adventure, Thriller",2012,8,85028192,276258,6.6,51/100,67%
884,Cinderella,"Animation, Family, Fantasy, Musical, Romance",1950,3,85000000,130382,7.3,85/100,97%
885,Dangerous Minds,"Biography, Drama",1995,8,84919401,44398,6.5,47/100,28%
886,Paranormal Activity 2,Horror,2010,10,84752907,92700,5.7,53/100,59%
887,Tammy,"Comedy, Romance",2014,7,84525432,43957,4.9,39/100,24%
888,The Santa Clause 3: The Escape Clause,"Adventure, Comedy, Family, Fantasy",2006,11,84500122,29174,4.7,32/100,17%
889,Ferdinand,"Animation, Adventure, Comedy, Family, Fantasy",2017,12,84410380,39297,6.7,58/100,72%
890,"Crazy, Stupid, Love","Comedy, Drama, Romance",2011,7,84351197,434708,7.4,68/100,78%
891,Pinocchio,"Animation, Comedy, Family, Fantasy, Musical",1940,2,84300000,114653,7.5,99/100,100%
892,Annabelle,"Horror, Mystery, Thriller",2014,10,84273813,120552,5.4,37/100,29%
893,Scooby-Doo 2: Monsters Unleashed,"Adventure, Comedy, Family, Fantasy, Horror, Mystery, Sci-Fi",2004,3,84185387,42332,5.0,34/100,22%
894,Anchorman: The Legend of Ron Burgundy,Comedy,2004,7,84136909,306130,7.2,63/100,66%
895,Atlantis: The Lost Empire,"Animation, Action, Adventure, Family, Fantasy, Sci-Fi",2001,6,84052762,92016,6.9,52/100,49%
896,Cliffhanger,"Action, Adventure, Thriller",1993,5,84049211,110896,6.4,60/100,67%
897,The Other Woman,"Comedy, Romance",2014,4,83911193,122210,6.0,39/100,26%
898,The X Files: Fight the Future,"Documentary, Sci-Fi, Short",1998,10,83898313,247,7.3,,
899,Up in the Air,"Comedy, Drama, Romance",2009,12,83823381,299432,7.4,83/100,91%
900,Steel Magnolias,"Comedy, Drama, Romance",1989,11,83759091,41562,7.3,56/100,70%
901,The Goodbye Girl,"Comedy, Drama, Romance",1977,11,83700000,11219,7.4,,88%
902,The War of the Roses,"Comedy, Romance",1989,12,83699711,44144,6.8,79/100,85%
903,Wrath of the Titans,"Action, Adventure, Fantasy",2012,3,83670083,171346,5.7,37/100,26%
904,Insidious Chapter 2,"Horror, Mystery, Thriller",2013,9,83586447,139478,6.6,40/100,39%
905,Under Siege,"Action, Thriller",1992,10,83563139,70558,6.5,58/100,77%
906,Battle: Los Angeles,"Action, Sci-Fi",2011,3,83552429,166430,5.8,37/100,36%
907,Immortals,"Action, Drama, Fantasy, Romance",2011,11,83504017,152410,6.0,46/100,37%
908,I Can Only Imagine,"Biography, Drama, Family, Music",2018,3,83482352,11047,7.4,30/100,62%
909,Airplane!,Comedy,1980,7,83453539,188562,7.8,78/100,97%
910,Penguins of Madagascar,"Animation, Adventure, Comedy, Family, Sci-Fi",2014,11,83350911,72050,6.7,53/100,73%
911,Fantasia,"Animation, Family, Fantasy, Music",1940,6,83320000,81571,7.8,96/100,96%
912,Saving Mr. Banks,"Biography, Comedy, Drama, Family, Music",2013,12,83299761,139985,7.5,65/100,79%
913,Patriot Games,"Action, Thriller",1992,6,83287363,93698,6.9,64/100,73%
914,Smallfoot,"Animation, Adventure, Comedy, Family, Fantasy, Musical",2018,9,83240103,22148,6.7,60/100,76%
915,Valkyrie,"Drama, History, Thriller, War",2008,12,83107829,212451,7.1,56/100,62%
916,Brokeback Mountain,"Drama, Romance",2005,1,83043761,297616,7.7,87/100,87%
917,Turbo,"Animation, Adventure, Comedy, Family, Sci-Fi, Sport",2013,7,83028130,73893,6.4,58/100,67%
918,Disclosure,"Drama, Thriller",1994,12,83015089,42128,6.1,58/100,58%
919,Charlotte's Web,"Comedy, Family, Fantasy",2006,12,82985708,33260,6.3,68/100,79%
920,Monster-in-Law,"Comedy, Romance",2005,5,82931301,51732,5.5,31/100,17%
921,Are We There Yet?,"Adventure, Comedy, Family, Romance",2005,1,82674398,26562,4.6,27/100,12%
922,Days of Thunder,"Action, Drama, Sport",1990,6,82670733,71547,6.0,60/100,39%
923,The Descendants,"Comedy, Drama",2011,12,82624961,222697,7.3,84/100,89%
924,Freddy vs. Jason,"Action, Horror",2003,8,82622655,102755,5.8,37/100,41%
925,Mr. Holland's Opus,"Drama, Music",1995,1,82582604,33265,7.3,59/100,75%
926,Cheaper by the Dozen 2,"Adventure, Comedy, Family",2005,12,82571173,50051,5.5,34/100,6%
927,Bram Stoker's Dracula,Horror,1992,11,82522790,172244,7.5,57/100,72%
928,Let's Be Cops,"Comedy, Crime",2014,8,82390774,121160,6.4,30/100,19%
929,Beowulf,"Animation, Action, Adventure, Fantasy",2007,11,82280579,154773,6.2,59/100,71%
930,Star Trek: The Motion Picture,"Adventure, Mystery, Sci-Fi",1979,12,82258456,74264,6.4,48/100,42%
931,Bridge to Terabithia,"Adventure, Drama, Family, Fantasy",2007,2,82234139,130793,7.2,74/100,85%
932,The Pink Panther,"Adventure, Comedy, Crime, Family, Mystery",2006,2,82226474,75188,5.6,38/100,21%
933,Teenage Mutant Ninja Turtles: Out of the Shadows,"Action, Adventure, Comedy, Sci-Fi",2016,6,82051601,76794,6.0,40/100,37%
934,The Post,"Biography, Drama, History, Thriller",2017,1,81903458,105482,7.2,83/100,88%
935,Maze Runner: The Scorch Trials,"Action, Sci-Fi, Thriller",2015,9,81697192,199167,6.3,43/100,46%
936,Blade 2,"Animation, Adult, Adventure, Fantasy, Sci-Fi, Thriller",2002,7,81676888,19,6.5,,
937,Eight Below,"Adventure, Drama, Family",2006,2,81612565,56404,7.3,64/100,72%
938,M*A*S*H,"Comedy, Drama, War",1972,9,81600000,46590,8.4,,
939,Unstoppable,"Action, Thriller",2010,11,81562942,171724,6.8,69/100,86%
940,Payback,"Action, Crime, Drama, Thriller",1999,2,81526121,124218,7.1,46/100,54%
941,Ted 2,Comedy,2015,6,81476385,163679,6.3,48/100,46%
942,Arthur,"Comedy, Romance",1981,7,81464486,23849,6.9,69/100,88%
943,Die Hard,"Action, Thriller",1988,7,81350242,715063,8.2,72/100,93%
944,The Talented Mr. Ripley,"Crime, Drama, Thriller",1999,12,81292135,160651,7.4,76/100,83%
945,School of Rock,"Comedy, Music",2003,10,81261177,242597,7.1,82/100,91%
946,Fried Green Tomatoes,Drama,1991,1,81204830,60734,7.7,64/100,74%
947,Police Academy,Comedy,1984,3,81198894,102956,6.7,41/100,54%
948,21,"Crime, Drama, History, Thriller",2008,3,81159365,212599,6.8,48/100,35%
949,Snow Dogs,"Adventure, Comedy, Family, Sport",2002,1,81150692,23447,5.1,29/100,24%
950,While You Were Sleeping,"Comedy, Drama, Romance",1995,4,81057016,83939,6.7,67/100,80%
951,Congo,"Action, Adventure, Mystery, Sci-Fi",1995,6,81022333,39091,5.1,22/100,22%
952,The Notebook,"Drama, Romance",2004,6,81001787,471352,7.9,53/100,53%
953,Jimmy Neutron: Boy Genius,"Animation, Action, Adventure, Comedy, Family, Sci-Fi",2001,12,80936232,28000,6.0,65/100,74%
954,Alien,"Horror, Sci-Fi",1979,6,80930630,708529,8.5,89/100,97%
955,Disturbia,"Crime, Drama, Mystery, Thriller",2007,4,80818974,206885,6.9,62/100,69%
956,Moonstruck,"Comedy, Drama, Romance",1987,1,80640528,43455,7.1,83/100,93%
957,Eat Pray Love,"Drama, Romance",2010,8,80574010,77239,5.8,50/100,36%
958,The Texas Chainsaw Massacre,Horror,2003,10,80571655,122491,6.2,38/100,37%
959,Fiddler on the Roof,"Drama, Family, Musical, Romance",1971,11,80500000,34983,8.0,67/100,83%
960,Zookeeper,"Comedy, Family, Romance",2011,7,80360866,52137,5.2,30/100,14%
961,AVP: Alien Vs. Predator,"Action, Adventure, Horror, Sci-Fi, Thriller",2004,8,80281096,172094,5.6,29/100,20%
962,What Happens in Vegas...,"Comedy, Romance",2008,5,80277646,156962,6.1,36/100,26%
963,The Dukes of Hazzard,"Adventure, Comedy",2005,8,80270227,72083,5.1,33/100,14%
964,The Wedding Singer,"Comedy, Music, Romance",1998,2,80245725,124474,6.8,59/100,68%
965,Saw III,"Crime, Horror, Mystery, Thriller",2006,10,80238724,165394,6.2,48/100,28%
966,Nacho Libre,"Comedy, Family, Sport",2006,6,80197993,75178,5.7,52/100,40%
967,Jumper,"Action, Adventure, Sci-Fi, Thriller",2008,2,80172128,270405,6.1,35/100,15%
968,The Mummy,"Action, Adventure, Fantasy, Thriller",2017,6,80101125,152246,5.5,34/100,16%
969,Jack Reacher,"Action, Crime, Thriller",2012,12,80070736,282909,7.0,50/100,63%
970,Goosebumps,"Adventure, Comedy, Family, Fantasy, Horror",2015,10,80069458,71914,6.3,60/100,77%
971,Cloverfield,"Action, Horror, Sci-Fi, Thriller",2008,1,80048433,348638,7.0,64/100,77%
972,Another 48 Hrs.,"Action, Comedy, Crime, Drama, Mystery, Thriller",1990,6,80047413,35167,5.8,23/100,18%
973,Dear John,"Drama, Romance, War",2010,2,80014842,127688,6.3,43/100,29%
974,Footloose,"Drama, Music, Romance",1984,2,80000000,62951,6.5,42/100,51%
975,Knowing,"Action, Drama, Mystery, Sci-Fi, Thriller",2009,3,79957634,208209,6.2,41/100,33%
976,War Horse,"Drama, History, War",2011,12,79883359,135267,7.2,72/100,76%
977,The Golden Child,"Action, Adventure, Comedy, Fantasy, Mystery",1986,12,79817937,46733,5.9,37/100,26%
978,Dark Shadows,"Comedy, Fantasy, Horror",2012,5,79727149,228262,6.2,55/100,36%
979,Earthquake,"Action, Drama, Thriller",1974,11,79700000,12369,5.9,56/100,35%
980,Hannah Montana the Movie,"Comedy, Drama, Family, Music, Romance",2009,4,79576189,36579,4.4,47/100,44%
981,The Day the Earth Stood Still,"Drama, Sci-Fi, Thriller",2008,12,79366978,154558,5.5,40/100,21%
982,Limitless,"Mystery, Sci-Fi, Thriller",2011,3,79249455,489666,7.4,59/100,69%
983,Out of Africa,"Biography, Drama, Romance",1985,12,79096868,64207,7.2,69/100,60%
984,Cape Fear,"Crime, Thriller",1991,11,79091969,152867,7.3,73/100,75%
985,The Purge: Election Year,"Action, Horror, Sci-Fi, Thriller",2016,7,79042440,79361,6.0,55/100,55%
986,Star Trek II: The Wrath of Khan,"Action, Adventure, Sci-Fi",1982,6,78912963,104734,7.7,67/100,89%
987,Apocalypse Now,"Drama, War",1979,8,78800000,541993,8.5,94/100,97%
988,Pixels,"Action, Comedy, Sci-Fi",2015,7,78765986,118661,5.6,27/100,16%
989,City of Angels,"Drama, Fantasy, Romance",1998,4,78750909,106505,6.7,54/100,
990,The English Patient,"Drama, Romance, War",1996,12,78716374,165074,7.4,87/100,84%
991,Teenage Mutant Ninja Turtles II: The Secret of …,"Action, Adventure, Comedy, Family, Sci-Fi",1991,3,78656813,47636,6.0,45/100,35%
992,Artificial Intelligence: AI,"Adventure, Drama, Sci-Fi",2001,6,78616689,272779,7.1,65/100,73%
993,Cocktail,"Comedy, Drama, Romance",1988,7,78222753,73331,5.9,12/100,5%
994,We Were Soldiers,"Action, Drama, History, War",2002,3,78120196,120196,7.2,65/100,63%
995,Tower Heist,"Action, Comedy, Crime",2011,11,78046570,124487,6.2,59/100,67%
996,The Naked Gun: From the Files of Police Squad!,"Comedy, Crime",1988,12,78041829,135911,7.6,76/100,87%
997,The Monuments Men,"Comedy, Drama, History, War",2014,2,78031620,117045,6.1,52/100,30%
998,Man on Fire,"Action, Crime, Drama, Thriller",2004,4,77906816,306016,7.7,47/100,39%
999,Backdraft,"Action, Crime, Drama, Mystery, Thriller",1991,5,77868585,65974,6.7,38/100,74%
1000,Gangs of New York,"Crime, Drama",2002,12,77730500,370123,7.5,72/100,74%
1001,Free Willy,"Adventure, Drama, Family",1993,7,77698625,62195,5.9,79/100,57%
1002,The Adventures of Tintin,"Animation, Action, Adventure, Family, Mystery",2011,12,77591831,201818,7.3,68/100,73%
1003,La marche de l'empereur,"Documentary, Family",2005,7,77437223,53183,7.6,79/100,95%
1004,Night School,Comedy,2018,9,77339130,21595,5.6,43/100,27%
1005,Philadelphia,Drama,1993,1,77324422,205134,7.7,66/100,79%
1006,Parental Guidance,"Comedy, Family",2012,12,77267296,23662,6.1,36/100,17%
1007,Where the Wild Things Are,"Adventure, Drama, Family, Fantasy",2009,10,77233467,96104,6.8,71/100,72%
1008,The A-Team,"Action, Adventure, Comedy, Thriller",2010,6,77222099,234423,6.8,47/100,48%
1009,U-571,"Action, War",2000,4,77086030,72357,6.6,62/100,68%
1010,The Terminal,"Comedy, Drama, Romance",2004,6,77073959,362697,7.3,55/100,60%
1011,Alice Through the Looking Glass,"Adventure, Family, Fantasy",2016,5,77042381,79006,6.2,34/100,29%
1012,27 Dresses,"Comedy, Romance",2008,1,76808654,143995,6.1,47/100,40%
1013,The Muppet Movie,"Adventure, Comedy, Family, Musical",1979,6,76657000,29302,7.6,74/100,88%
1014,Father of the Bride Part II,"Comedy, Family, Romance",1995,12,76578911,31241,6.0,49/100,48%
1015,Rugrats in Paris,"Animation, Adventure, Comedy, Family, Romance",2000,11,76501438,10001,6.2,62/100,76%
1016,Star Trek III: The Search for Spock,"Action, Adventure, Sci-Fi",1984,6,76471046,68253,6.7,56/100,80%
1017,Knight and Day,"Action, Adventure, Comedy",2010,6,76423035,169094,6.3,46/100,52%
1018,The Untouchables,"Crime, Drama, Thriller",1987,6,76270454,254784,7.9,79/100,81%
1019,Training Day,"Crime, Drama, Thriller",2001,10,76261036,354289,7.7,69/100,72%
1020,Cocoon,"Comedy, Drama, Sci-Fi",1985,6,76257348,52103,6.7,65/100,77%
1021,White Men Can't Jump,"Comedy, Drama, Sport",1992,3,76253806,68804,6.7,65/100,76%
1022,Pete's Dragon,"Action, Adventure, Comedy, Family, Fantasy",2016,8,76233151,49055,6.7,71/100,88%
1023,Paddington,"Adventure, Comedy, Family, Fantasy",2015,1,76223578,83229,7.2,77/100,97%
1024,Conspiracy Theory,"Action, Mystery, Thriller",1997,8,76118990,86787,6.7,49/100,56%
1025,Hellboy II: The Golden Army,"Action, Adventure, Fantasy, Horror, Sci-Fi",2008,7,75986503,240294,7.0,78/100,86%
1026,Constantine,"Action, Fantasy, Horror, Mystery",2005,2,75976178,275535,7.0,50/100,46%
1027,The Ring Two,"Horror, Mystery",2005,3,75941727,85335,5.4,44/100,20%
1028,48 Hrs.,"Action, Comedy, Crime, Drama, Thriller",1982,12,75936265,62611,6.9,71/100,93%
1029,The Haunted Mansion,"Comedy, Family, Fantasy, Horror, Mystery",2003,11,75817994,37861,5.0,34/100,13%
1030,"You, Me and Dupree","Comedy, Romance",2006,7,75802010,74795,5.6,46/100,20%
1031,Barbershop,"Comedy, Drama",2002,9,75781642,27791,6.3,66/100,82%
1032,The Intern,"Comedy, Drama",2015,9,75764672,189681,7.1,51/100,60%
1033,The Family Man,"Comedy, Drama, Fantasy, Romance",2000,12,75764085,96781,6.8,42/100,53%
1034,Star Trek: Generations,"Action, Adventure, Mystery, Sci-Fi, Thriller",1994,11,75671262,69811,6.6,55/100,47%
1035,Contagion,"Action, Drama, Thriller",2011,9,75658097,200905,6.6,70/100,84%
1036,We Bought a Zoo,"Comedy, Drama, Family",2011,12,75624550,126159,7.1,58/100,65%
1037,2 Guns,"Action, Comedy, Crime, Thriller",2013,8,75612460,180900,6.7,55/100,64%
1038,Moneyball,"Biography, Drama, Sport",2011,9,75605492,323940,7.6,87/100,94%
1039,The Rookie,"Drama, Family, Sport",2002,3,75600072,29800,7.0,72/100,84%
1040,Zombieland,"Adventure, Comedy, Horror, Sci-Fi",2009,10,75590286,455922,7.6,73/100,90%
1041,Braveheart,"Biography, Drama, History, War",1995,5,75545647,884802,8.4,68/100,77%
1042,Any Given Sunday,"Drama, Sport",1999,12,75530832,106263,6.9,52/100,52%
1043,The Last of the Mohicans,"Action, Adventure, Drama, Romance, War",1992,9,75505856,135254,7.8,76/100,95%
1044,The Hitman's Bodyguard,"Action, Comedy, Thriller",2017,8,75468583,158626,6.9,47/100,42%
1045,The Girl on the Train,"Crime, Drama, Mystery, Thriller",2016,10,75395035,148582,6.5,48/100,44%
1046,The Horse Whisperer,"Drama, Romance, Western",1998,5,75383563,36375,6.6,65/100,74%
1047,Garfield: The Movie,"Animation, Comedy, Family, Fantasy",2004,6,75367693,71741,5.0,27/100,15%
1048,Ray,"Biography, Drama, Music",2004,10,75305995,127029,7.7,73/100,80%
1049,Coraline,"Animation, Drama, Fantasy, Thriller",2009,2,75286229,177159,7.7,80/100,90%
1050,Old School,Comedy,2003,2,75155000,203126,7.1,54/100,60%
1051,Romancing the Stone,"Action, Adventure, Comedy, Romance",1984,3,75078260,75350,6.9,63/100,86%
1052,The Exorcism of Emily Rose,"Drama, Horror, Thriller",2005,9,75072454,110589,6.7,46/100,20%
1053,The Nightmare Before Christmas,"Animation, Family, Fantasy, Musical",1993,10,75069160,267557,8.0,82/100,95%
1054,Eragon,"Action, Adventure, Family, Fantasy",2006,12,75030163,116947,5.1,38/100,
1055,Star Trek VI: The Undiscovered Country,"Action, Adventure, Sci-Fi, Thriller",1991,12,74888996,64396,7.3,65/100,81%
1056,The Prince of Tides,"Drama, Romance",1991,12,74787599,14616,6.7,65/100,68%
1057,Poltergeist,"Horror, Thriller",1982,6,74706019,127919,7.4,79/100,86%
1058,Ladder 49,"Action, Drama, Thriller",2004,10,74541707,52372,6.5,47/100,41%
1059,Four Brothers,"Action, Crime, Drama, Mystery, Thriller",2005,7,74494381,124975,6.9,49/100,
1060,WarGames,"Sci-Fi, Thriller",1983,6,74433837,82908,7.1,77/100,93%
1061,"Six Days, Seven Nights","Action, Adventure, Comedy, Romance",1998,6,74339294,68251,5.8,51/100,36%
1062,No Country for Old Men,"Crime, Drama, Thriller",2007,11,74273505,759299,8.1,91/100,93%
1063,Alien: Covenant,"Horror, Sci-Fi, Thriller",2017,5,74262031,223481,6.4,65/100,65%
1064,Jack and Jill,"Comedy, Family",2011,11,74158157,70823,3.3,23/100,3%
1065,Sin City,"Crime, Thriller",2005,4,74103820,713799,8.0,74/100,77%
1066,Along Came a Spider,"Drama, Thriller",2001,4,74058698,68237,6.3,42/100,31%
1067,Captain Underpants: The First Epic Movie,"Animation, Action, Comedy, Family",2017,6,73921000,21631,6.2,69/100,88%
1068,Hugo,"Adventure, Drama, Family, Fantasy, Mystery, Romance",2011,11,73864507,283996,7.5,83/100,93%
1069,Beetlejuice,"Comedy, Fantasy",1988,3,73839613,229918,7.5,70/100,84%
1070,Christmas with the Kranks,"Comedy, Family",2004,11,73701902,36803,5.3,22/100,5%
1071,The Jerk,Comedy,1979,12,73691419,48884,7.2,61/100,83%
1072,Monster House,"Animation, Adventure, Comedy, Family, Fantasy, Mystery",2006,7,73661010,88642,6.6,68/100,74%
1073,Deep Blue Sea,"Action, Adventure, Sci-Fi, Thriller",1999,7,73648228,114671,5.8,54/100,59%
1074,Law Abiding Citizen,"Crime, Drama, Thriller",2009,10,73357727,251291,7.4,34/100,26%
1075,Spirit: Stallion of the Cimarron,"Animation, Adventure, Drama, Family, Western",2002,5,73215310,57092,7.1,52/100,70%
1076,Hollow Man,"Action, Horror, Sci-Fi, Thriller",2000,8,73209340,114093,5.7,24/100,27%
1077,Boo! A Madea Halloween,"Comedy, Drama, Horror",2016,10,73206343,6777,4.6,30/100,20%
1078,Hotel for Dogs,"Comedy, Family",2009,1,73178547,19649,5.4,51/100,46%
1079,White House Down,"Action, Drama, Thriller",2013,6,73103784,190704,6.4,52/100,51%
1080,A Madea Family Funeral,Comedy,2019,3,73080657,1643,4.2,39/100,13%
1081,John Carter,"Action, Adventure, Sci-Fi",2012,3,73058679,238353,6.6,51/100,52%
1082,Dinner for Schmucks,Comedy,2010,7,73026337,91068,5.9,56/100,42%
1083,Justin Bieber: Never Say Never,"Documentary, Music",2011,2,73013910,74966,1.6,52/100,65%
1084,Ben-Hur,"Adventure, Drama, History",1959,1,73000000,200732,8.1,90/100,87%
1085,Barnyard: The Original Party Animals,"Animation, Adventure, Comedy, Drama, Family",2006,8,72779000,24836,5.6,42/100,22%
1086,Jackass: Number Two,"Documentary, Action, Comedy",2006,9,72778712,62650,7.1,66/100,63%
1087,The Interpreter,"Crime, Mystery, Thriller",2005,4,72708161,93041,6.4,62/100,57%
1088,Hercules,"Action, Adventure, Fantasy",2014,7,72688614,136755,6.0,47/100,58%
1089,Storks,"Animation, Adventure, Comedy, Family, Fantasy",2016,9,72679278,49916,6.8,56/100,65%
1090,Bridge of Spies,"Drama, History, Thriller",2015,10,72313754,260812,7.6,81/100,91%
1091,Dolphin Tale,"Drama, Family",2011,9,72286779,20607,6.9,64/100,81%
1092,Vantage Point,"Action, Crime, Drama, Mystery, Thriller",2008,2,72266306,138477,6.6,40/100,34%
1093,I Know What You Did Last Summer,"Horror, Mystery",1997,10,72250091,122670,5.7,52/100,42%
1094,Ace Ventura: Pet Detective,Comedy,1994,2,72217396,254065,6.9,37/100,47%
1095,A Bad Moms Christmas,"Adventure, Comedy",2017,11,72110659,32335,5.5,42/100,30%
1096,Michael Jackson's This Is It,Documentary,2009,1,72091016,26,8.2,,
1097,10 Cloverfield Lane,"Drama, Horror, Mystery, Sci-Fi, Thriller",2016,3,72082999,257525,7.2,76/100,90%
1098,Get Shorty,"Comedy, Crime, Thriller",1995,10,72021008,70696,6.9,82/100,87%
1099,"I Love You, Man","Comedy, Romance",2009,3,72013010,185149,7.0,70/100,83%
1100,Fred Claus,"Comedy, Family, Fantasy",2007,11,72006777,37050,5.6,42/100,20%
